Signature,Slot,Market_Address
reQt3S7EFNM78iHLAg6dmDCwpHGM5cMTRmEkGgmhZvpJg4djB8J61LvThbsouH9egZnBzsE1WxwN8HmM3Y8tsyA,323247499,8sLbNZoA1cfnvMJLPfp98ZLAnFSYCFApfJKMbiXNLwxj
gbZ8MNi29PHHzFZzpGN9mqtorEHGmVKUsvwnZAeDEDHTxTU7Bymt2KSQ2z8aBtN8coWie44t6rnL6rwBfU7hoj8,323247499,8sLbNZoA1cfnvMJLPfp98ZLAnFSYCFApfJKMbiXNLwxj
2y4RmNaxGNjzuubcmnpuTAX7xsWdgMBTauNoo43BAH5cgvWvWk8oiuVZDsq4uXeWZYfZmNUVvrTmLskho34fjALY,323247499,8sLbNZoA1cfnvMJLPfp98ZLAnFSYCFApfJKMbiXNLwxj
2aPhCK3veWbjMmWRnAoNQiZL3tZvTPYQYgP825XuTuimJgY4VCdcHtnM12sKeSbcE1TWKAQUVrRGBaTyTWRtZ3nP,323247499,8sLbNZoA1cfnvMJLPfp98ZLAnFSYCFApfJKMbiXNLwxj
3gyF5njvK6W9vm8b5UfLX3k6KiuiNziC19fRY82Mov21Fo5EdHqsNDAxJLL5954fQMd5DcVDnEy6vFfrNCW28Dpr,323247499,8sLbNZoA1cfnvMJLPfp98ZLAnFSYCFApfJKMbiXNLwxj
KwYg1Dc9Gfu6fzcaBBMkPwuFMPJzYpHYfb2oq5LMcX2A1C6WRgmpSSSk6ePE3BVJuYa7Xrsj5nLPT2BkKTciPAL,323247498,8sLbNZoA1cfnvMJLPfp98ZLAnFSYCFApfJKMbiXNLwxj
2KxunTBvPn1YsPLwBxFMtLVBwqK4jRSzXiRhMbfTijCeMNt4bNk6xEK3ehgwriLRiBEjdeBAxdmb8Kv9H4BShc6h,323247497,8sLbNZoA1cfnvMJLPfp98ZLAnFSYCFApfJKMbiXNLwxj
5RQpykXxvL4XZnN3GrTtAnYNGcmZyuwd5s68QrBy2UEoSj4j68ZfpL5ySS4josXuHvF2WGmbAq9jsDtBDQEjuNsU,323247497,8sLbNZoA1cfnvMJLPfp98ZLAnFSYCFApfJKMbiXNLwxj
2U2ctCtdsuaknKk9BFURqFmzkPViHsfFooWrJjaSMKk122FX1EZXNVcyj8aknvYKRQhWX5nmrPjvEAQZAB9Q5A8Y,323247495,8sLbNZoA1cfnvMJLPfp98ZLAnFSYCFApfJKMbiXNLwxj
4E5PzZe2DV6KGnWzfM8MX1tMYX6zZ8U4Ruppfdehag9N8BReKb5c9yCKr3pWDatBAVob7cho8v3gi6wN2fEkuG5H,323247495,8sLbNZoA1cfnvMJLPfp98ZLAnFSYCFApfJKMbiXNLwxj
4stV6sQprVqkQEz2ywU67z4aKFYHfY6SEREZdauPuTb8uKxgQx95u66YoiRQC8U6tXd3PPmSvgRMwM96Bq1wgvck,323247495,8sLbNZoA1cfnvMJLPfp98ZLAnFSYCFApfJKMbiXNLwxj
3uAyPRV2u2VLCYn8pB9Qs9DV9mXoDK6nwWAZDBU6PUufdtputVAR1YrZNi88VzJNj4dLBKpcHYkRNbFYKTKWGQXX,323247494,8sLbNZoA1cfnvMJLPfp98ZLAnFSYCFApfJKMbiXNLwxj
3iw3AJHLjjfu4TKQpaxN4vptWyUCsZHGZ1iTrjG4wfEH7Z7kuyLJyeAUjM9LXEte2qUuLudfcVPRiLgYwYPRkcZZ,323247493,8sLbNZoA1cfnvMJLPfp98ZLAnFSYCFApfJKMbiXNLwxj
5pYHzRGJoD2KvWnourAkVgZsq2yxhh8deB2qdQoie7av7FVKaU6uoc6wC64jm2bmebeXMAkf1ysuySN7uPUCfTnf,323247490,8sLbNZoA1cfnvMJLPfp98ZLAnFSYCFApfJKMbiXNLwxj
3ra49Vs5xmx63PeXmE6VBEcAb61zPxy7789sJkzppCmswxQptfshdsdGjRwrwsuFrj9zdapD4T1LZ8ceHFNzWGYs,323247490,8sLbNZoA1cfnvMJLPfp98ZLAnFSYCFApfJKMbiXNLwxj
2j8EKW3Y1y76HQkF2cDB7PeKfGNwEBLba55YqtjJUwmpTKJTDVW6fJS9tzTjMpWG9ZJz5kyMQNSj6eU5b16vM5Nd,323247490,8sLbNZoA1cfnvMJLPfp98ZLAnFSYCFApfJKMbiXNLwxj
2JpzqTsrG4jjUu1LYNoGSt6gLoCYnEmL6q4ret8CCdGpU9DfDqYzpWb9ta9ufL4yAnFHjVxHwsLiZB7hVFyeHVWx,323247490,8sLbNZoA1cfnvMJLPfp98ZLAnFSYCFApfJKMbiXNLwxj
5hB2t2umyTPT6bKvvXXUUv3nuPCPUFQLSZ6tGPxxspMK9TAqRBMVioYjW8zqELDea7SG3G1J1d265hxArTzXfRUV,323247489,8sLbNZoA1cfnvMJLPfp98ZLAnFSYCFApfJKMbiXNLwxj
32pNXTjAxSg8yNcjzh5A5nZTfitT7K2PXhXP3PUKsvAH1wGA1rmZTy3yzECNGW1UJziXYMD4DWUHZWmwyQSeQpAT,323247489,8sLbNZoA1cfnvMJLPfp98ZLAnFSYCFApfJKMbiXNLwxj
FPspwxJkgRJbG6svFkTqxrahVPXRgiP33GcvekWQUQpjwf2dgvQdp1w3pBxR1FPdBB3UrQrducMhzHjpSXiin1x,323247487,8sLbNZoA1cfnvMJLPfp98ZLAnFSYCFApfJKMbiXNLwxj
3KRBxazjxgvpg5AGJ17pVPpUzQ86hjhqqbTFfpwToy8ZHdmiwjbrn8AYGxogerNRG6ZMxFhfbCE3WLSQcZW7LJ3t,323247487,8sLbNZoA1cfnvMJLPfp98ZLAnFSYCFApfJKMbiXNLwxj
37Q5WVRjUuMu6Y5fyW1at6GKB6nJvjWkfdHTaJ6gFh2YKDAzu1MEyy7JHZvwJqbC8c2YmgvmqGQkkPCXXzKbuTMN,323247487,8sLbNZoA1cfnvMJLPfp98ZLAnFSYCFApfJKMbiXNLwxj
2EWdVN9wzDdsdzLcWSN98kJECKspyYR5wbrndTAD5pM82GqNphXnRKbHCZKj8VS8igTswq5cNohpG4or2SkRhMNW,323247487,8sLbNZoA1cfnvMJLPfp98ZLAnFSYCFApfJKMbiXNLwxj
5F3zatBUFi9xyZoeFs1PbUVxKJnNpe6aAaJ2REbQQhaNGJw5XvQeqDeLpA33Ti4kqxX7QdYXNKwtQX4T42UVJLnb,323247487,8sLbNZoA1cfnvMJLPfp98ZLAnFSYCFApfJKMbiXNLwxj
3wDuhDMjLudbDVA857k6pjD4L7j2YWmiKDKnXBj6hssK2y47aZnJNcb7vCrwnEqhZMYew2Qvj64b21VaYDfKS4ZM,323247487,8sLbNZoA1cfnvMJLPfp98ZLAnFSYCFApfJKMbiXNLwxj
345gLE5QBTtKtELevwxkPw1C7qZQarfCsK1TRTWYEPC6fkSA2roVvzwTYFxjWd4xYAc8yHhXHMtjJgdWtv4tZvb9,323247486,8sLbNZoA1cfnvMJLPfp98ZLAnFSYCFApfJKMbiXNLwxj
3NiUU8u1YLsD1ki8z97fpVd9JXjFoTgW7p36NU3sNmG79BedhdR6YzFyqj5JQqWmuZAudu21F72fHJRx8qJtbBcE,323247486,8sLbNZoA1cfnvMJLPfp98ZLAnFSYCFApfJKMbiXNLwxj
2pGE4qBypk8UY4sALngff2BQj5tzEaKr7Lv45wLoKNH3GCt3r7bmnKAEACX76UfnhMxvTwp7LCxznTpwSJR2ytUh,323247485,8sLbNZoA1cfnvMJLPfp98ZLAnFSYCFApfJKMbiXNLwxj
4xKcMVXdPyypmrMmu7J7KN9PXTajXXAGhia8LjHUp16m5ugvo2gK5acRUEm3NCMEgCRnAACtz9pcfbHvmPauqULN,323247484,8sLbNZoA1cfnvMJLPfp98ZLAnFSYCFApfJKMbiXNLwxj
44P52DvpReNET4sPsf71TvEQHjLRCqE9mXLoFWZTz7dn6scd3rYdzgHyyDzrNC3XZ4gZDx9bo7rAvDmpQd8KA7SS,323247482,8sLbNZoA1cfnvMJLPfp98ZLAnFSYCFApfJKMbiXNLwxj
2kjBYkzPaz1fVkNNEexMkf2ys1wabNCZbeNC9yGsLzvBmMM249PYEdrzsvjXh8xNSrs9RAmX7xJfHShcPvH4iNnB,323247482,8sLbNZoA1cfnvMJLPfp98ZLAnFSYCFApfJKMbiXNLwxj
5pN864QFfkpNFnZC4BHCPZwm2A9s1VThVZqSoWwyC8DdMLFYzthwz1J2nrRGo8GeCT3f6LYctYH234jaz9STnhCb,323247481,8sLbNZoA1cfnvMJLPfp98ZLAnFSYCFApfJKMbiXNLwxj
54JiYW5GMNnSZRA5sX5mD3i5ptndNKHiBeUBEX9c9MWCz9B367p84eou1jSMBoEHWADgeEginJzKQjybEAS3faNm,323247481,8sLbNZoA1cfnvMJLPfp98ZLAnFSYCFApfJKMbiXNLwxj
4V4XebZd7rRkNEkDjE6h9CAisLigRPuFmJNUQUSmakACYxrseiqpZzyS1VRbuNLF6Nt3xxxw6nyuQp4psNsTdV6p,323247478,8sLbNZoA1cfnvMJLPfp98ZLAnFSYCFApfJKMbiXNLwxj
23H7ctP4QU8Y2iv3K24YsNUnpM53uLg2YSpuzSRgkRD1TLMi4yEWMqKT2BvY1k5RpGrHvaue2tPWZE7iPHGqAbsg,323247474,8sLbNZoA1cfnvMJLPfp98ZLAnFSYCFApfJKMbiXNLwxj
4maES9bckKyfFfxMkDxR4fvg8Ezc4kwfPUNKPgdFdNi7U117npUADnkQZzzWW8L3mxsNZZkMiJ7vQwyjbvmWHTZG,323247474,8sLbNZoA1cfnvMJLPfp98ZLAnFSYCFApfJKMbiXNLwxj
4fK3ZeYBXFAX8GYrguhGR4cakVM9e2nUqd8UeT8xv28LnnA8A3NFBvwUySA27HpiPZXkffD2kV7eRHj3K5C6cFiW,323247473,8sLbNZoA1cfnvMJLPfp98ZLAnFSYCFApfJKMbiXNLwxj
656pYi9SFfToKfuxL396rJG7dBKjyTD1xv1ALQf4M9NFFdZ9kLzPCKabTEEQPvnpWbgQ2SqiN1gz7vy1Lhw1J99w,323247469,8sLbNZoA1cfnvMJLPfp98ZLAnFSYCFApfJKMbiXNLwxj
3tmC2nfxT6woSwfzuDL5f5ZgLFynm9cR3crAhfgrzHeacswVgaP1PQrTEu4539FfDXqr69fxEjsKa3kkaD2Ar799,323247466,8sLbNZoA1cfnvMJLPfp98ZLAnFSYCFApfJKMbiXNLwxj
86MjWgsmtPagvXu9kqMXFovxtUxf6ZwV99fQ2JiyEEYFsxpScDwyjjjJen5Gs9Q2M2A6ta7YPoug69vZxHpq42v,323247466,8sLbNZoA1cfnvMJLPfp98ZLAnFSYCFApfJKMbiXNLwxj
3EEKXHVHkd83pmUWtP5qmeSHqCxF3ik4yWnRu2Zxtn8RUdsyjZJRTNgXp9jDaksiMHuep4mj5xpMWWhRYa3c9CzY,323247464,8sLbNZoA1cfnvMJLPfp98ZLAnFSYCFApfJKMbiXNLwxj
bLpc1inDjHammUbfPSf1dC22Vb6Zi2jXoPxz27hWSeTdP26DmqJeZBfx7P1ktSbZjCZiVV1AjvSWfoxeUduegHd,323247463,8sLbNZoA1cfnvMJLPfp98ZLAnFSYCFApfJKMbiXNLwxj
2FeWVqSNwxCno2KUME75WdA4RUZAUQBM8qPDdwJnHN6eKuH5bxiKsZ5bckhbSGbtMwuJbeCGAZ8kXKwNjhfDpRSj,323247462,8sLbNZoA1cfnvMJLPfp98ZLAnFSYCFApfJKMbiXNLwxj
4wtU18SiSx37zyyTVzdhmP2kRArZjN6pxYRBA1ibnQFJ1T2RKgsahJ4nvU9pZgPMzbdSeGdVfsV6HAx6UM2aGJmg,323247461,8sLbNZoA1cfnvMJLPfp98ZLAnFSYCFApfJKMbiXNLwxj
4eXAdVzm7RciQuHWqx77TyMU6eYhHdi3rEdNre1ak6GEEiTQhwa4JLZvemmdVcXecrzDxqc4VuWBbBMTQ47NG4Nt,323247458,8sLbNZoA1cfnvMJLPfp98ZLAnFSYCFApfJKMbiXNLwxj
EwbSGAwpbAER7yqwRuZZKBzixrSbBDsPBW9f1jda5nXvVzMsiyciWpPbsQnZGwy8Lx6otWpq8hbmqUtkhiTdG7s,323247455,8sLbNZoA1cfnvMJLPfp98ZLAnFSYCFApfJKMbiXNLwxj
3SdGrJnMaCLo852WgiCRrb3EwVZxHeE5NydbgM8ncaDe7ryZZQhTVEU7N7XfiF5hTpuKdEN4eg7yuzyVZra9NNG2,323247455,8sLbNZoA1cfnvMJLPfp98ZLAnFSYCFApfJKMbiXNLwxj
3TEGHv3iG3ANGbsGFZepQUaf7k3AUGpaNcLa4JL3rxaWNEjLHMasUBj9p24GCNjiDPskzDwAK9JVV4VbdCcSoRQK,323247455,8sLbNZoA1cfnvMJLPfp98ZLAnFSYCFApfJKMbiXNLwxj
3CKoFGfiXqh1i23yD9pnbYAFGdkyfxVNVxiAZbta9P4fZzRyNJBc5mZFu5yJwYjUMeToQvyuQ9gQbsfhgDkAZ2E5,323247455,8sLbNZoA1cfnvMJLPfp98ZLAnFSYCFApfJKMbiXNLwxj
61sVyGx1MVzH555EdudULVfVXf5FvMF9FonBf7JaJ26vkhZtmbPfq8UgQkYwjbGw3Uken5DrLMdcmnC2ywJ6uM42,323247454,8sLbNZoA1cfnvMJLPfp98ZLAnFSYCFApfJKMbiXNLwxj
2RggTzBD8mV9cATx7pnASggEKdsfzSYBGp3oHH8SqvSGtGMGkULRorikN1UDYTgW2kmN4ktzVJRXCo1E6WPvYK4n,323247454,8sLbNZoA1cfnvMJLPfp98ZLAnFSYCFApfJKMbiXNLwxj
s8s5NhPUdhecouNpTxiHenLrpJ7T2s55C2sdAJJGfUBHkxT1rHbkoXKeab7fbEFXQkr3aBMnvfn1yui2bZj7t6f,323247453,8sLbNZoA1cfnvMJLPfp98ZLAnFSYCFApfJKMbiXNLwxj
Y4sgHcN6u86S3wBhohkUr4vTizipBB2z7ALraMppq3opQGkcbRA2oMmRGtmyPpM4KgGGZxg2dFmSxFD1cqjWDeJ,323247453,8sLbNZoA1cfnvMJLPfp98ZLAnFSYCFApfJKMbiXNLwxj
2wneMsZooPTAL4cp2LSdNFDkJaDP6Xrga5x8TitaJjEQ24v3uHWKrmoPTFLkrqrRmfDMrvBAfr8UcndxKBokD2mM,323247452,8sLbNZoA1cfnvMJLPfp98ZLAnFSYCFApfJKMbiXNLwxj
5LSPxZmagxsKJCe2X3Kgjp17CgHHzj4ESsjLWW3AUEBzx33ZiNi8PhtngqtazgCwxiuiDcaq3K7wstRSDutGgxwi,323247451,8sLbNZoA1cfnvMJLPfp98ZLAnFSYCFApfJKMbiXNLwxj
35kWzNDT62ouiQCw4o4TGEo1WhcaBXaBHcKvANePXM6urU4Qjr6Cr2R6t1U3EUUjKXsMxrpiJ1XhiuQw6j92xXhK,323247451,8sLbNZoA1cfnvMJLPfp98ZLAnFSYCFApfJKMbiXNLwxj
5SuDDhkKvPzjFQrPLMBrCNGHE6Vd9UtgfASCUSV1cGpuEtkr9L63wqsF1oRfqMrD78xVJDzNwg3jgbCJZvq2SwAp,323247451,8sLbNZoA1cfnvMJLPfp98ZLAnFSYCFApfJKMbiXNLwxj
4r4uLSeq6rc7xHRCQA9PwNbYfKrRb2dvHAo6uhoF5QK9nefsdLyBVyCFmz85jus4YD6PbcSDJ7heC2UEAG2faSEm,323247448,8sLbNZoA1cfnvMJLPfp98ZLAnFSYCFApfJKMbiXNLwxj
4oxR91BcKFZuENhY358cF2joaZPE9LKpSHEjZwssVce2qdCsu1666dMcXT9NCK2F1nUuoyrBfUEkF6Q2RUPd8Ph7,323247448,8sLbNZoA1cfnvMJLPfp98ZLAnFSYCFApfJKMbiXNLwxj
2YHW4r11wjcweZkUgRUk2PoGyr1vwT372MWUpCq3dedhRLAtXhoFkCPAZYkFwFEzazhpD3C9dBbqpFQiFMNYfbnD,323247447,8sLbNZoA1cfnvMJLPfp98ZLAnFSYCFApfJKMbiXNLwxj
2BK5YXVy6x9mvGKJHtoCd4AQfgwKcwQxuDMyo9p88M2fDJh6Z2ViqrSLGGaicb5YuFExhNZVGcMhDq7zdrTzsG5e,323247447,8sLbNZoA1cfnvMJLPfp98ZLAnFSYCFApfJKMbiXNLwxj
SvpGASaA5o7U5SoZCHJ6HjXzK152KS2FkD5cfrsukC2RDyr2TAwrhUHMRsxKiFuBbE4FTTMoJRp4ncxuqZtuFfa,323247447,8sLbNZoA1cfnvMJLPfp98ZLAnFSYCFApfJKMbiXNLwxj
56kSBMqXUS12BkwfVyr9RDUeqsVBBcYYBmDmDAg25ngQtZH11yTsFwfFXSQkdPTqup6GEEyVvCaCWrmCgbS78iUH,323247447,8sLbNZoA1cfnvMJLPfp98ZLAnFSYCFApfJKMbiXNLwxj
rp3RVWgVTWRDRL59Y9YmnqpaGCuqwWgNkqB8JzDwTbHcooZ9dWbwMRvaspMtjxKt7MiRyfut6Y1s8TvzPwZhwwu,323247447,8sLbNZoA1cfnvMJLPfp98ZLAnFSYCFApfJKMbiXNLwxj
5pLek3zn15B3LRVXFd9H7hB23b4g6ZwbzZv5Hj2FeDCwZRyxBBZA48ar61skFYt766trnzihjtSZK3hqEYpUxgje,323247446,8sLbNZoA1cfnvMJLPfp98ZLAnFSYCFApfJKMbiXNLwxj
4tPVNhAnMQMduKnudr6YEQeoWMfH6mAmqpP1Dg5upTdAppKocFvpJL9jsjDfxqVT3ebE6dH8LM2ZnK3Z8Pzpg1sH,323247445,8sLbNZoA1cfnvMJLPfp98ZLAnFSYCFApfJKMbiXNLwxj
3zqss4qMNmBhKUrRbgze51npK9Bzoys92VoJNSAGxqny8Y2WpdnyH9YgG1XMdb67e1tSuA7wpFneGSkuaaZTDNXA,323247445,8sLbNZoA1cfnvMJLPfp98ZLAnFSYCFApfJKMbiXNLwxj
4JsNj9G3SRxA83CUZMAF229vJwPj7Kp3wT7mYQqbHrvzxyVtCkmxTvGkeXMf8hDAGsVRxwzVhsez6EW15iYwjBYC,323247442,8sLbNZoA1cfnvMJLPfp98ZLAnFSYCFApfJKMbiXNLwxj
4oe96pf24rQnSgFzAnYn2B2ofW7Vbj3oxbi9MryAmrqfp3tYWshmhVSDr5KHfv8F4HaxUUioA7w8MABcH3Has8am,323247441,8sLbNZoA1cfnvMJLPfp98ZLAnFSYCFApfJKMbiXNLwxj
57QqY2jsUoYACKAYjeXv9ZpHUuYZcpjXPqzC51zkEqBRtAsDgntL93ju4K1JQ4s2MVE6rpjWBx8uqi73oXjfn7Jr,323247439,8sLbNZoA1cfnvMJLPfp98ZLAnFSYCFApfJKMbiXNLwxj
4VH1oGjpMgqVSAcabz6btPZWKmtkZ8gxX76zkF2WNyNX6g2SwNgvKN4GjFgWUbvn2rMLdXnxVB2jTUUPNZhu7j2o,323247439,8sLbNZoA1cfnvMJLPfp98ZLAnFSYCFApfJKMbiXNLwxj
2sEhHsv1vcNAyYdgzbLUYS4xrvXygU1nnwUdqCLzq5Vz4HrWsGTc5hjZRihvCB7bD7abcyshTip1GgmJ31UECh9w,323247439,8sLbNZoA1cfnvMJLPfp98ZLAnFSYCFApfJKMbiXNLwxj
43dh8E3bX5AKpVQnCY7ek7koBaPQ7maPycMWCqSVBpFd4msYmi4uuFiqRHKnwkHbYsHL3DTzMiELEYHW2phwctHh,323247438,8sLbNZoA1cfnvMJLPfp98ZLAnFSYCFApfJKMbiXNLwxj
2Ys8gSBg8QVpbGwVAXCevWpTZpZQnN61QZn51SDsCQLurVTuUB3YfXoCe2GjACisPTLar4sxUTFB7RhNpMoEynz2,323247438,8sLbNZoA1cfnvMJLPfp98ZLAnFSYCFApfJKMbiXNLwxj
4K9836K5SmjXvy32tJmLFMeuQKmdYR2MJoBSeKAJQknfsv6NBLu3itjU3EuDbCgVc7eQNuyDpnQG9n8tmV3ggBbb,323247437,8sLbNZoA1cfnvMJLPfp98ZLAnFSYCFApfJKMbiXNLwxj
5vG1WEMjWneYXw2goU2VwLnVyawxdhzuUARsJ8eShsf3f73br48UiqWhA27eZAbu5hFKu1tbYegXtG35fXtyTTBe,323247436,8sLbNZoA1cfnvMJLPfp98ZLAnFSYCFApfJKMbiXNLwxj
4wfWfwRPt6sE8Xds7xTzi46uCpi19SDq49xeMm87zampcuoZ2jDVxG89UFTMj9L1StXDGddb7RdgwVb7Vf6pTSgF,323247436,8sLbNZoA1cfnvMJLPfp98ZLAnFSYCFApfJKMbiXNLwxj
4vWHXnMbd4YPqqjdfpXZ2ZRzEquvQj1FBLsGpiG2LzoqAxjewczx6cv2PX7teMeT2LKvSwYMbn8hWZauyDqr6uNP,323247436,8sLbNZoA1cfnvMJLPfp98ZLAnFSYCFApfJKMbiXNLwxj
3SjFaJjH1AfRvtTuNN63QNkXLP3fK4XgCKtw7qLKXUfKfuT7XirNw5Y6CtzgS3XGfVbYtE5jnc5U9hWsL2viV11z,323247436,8sLbNZoA1cfnvMJLPfp98ZLAnFSYCFApfJKMbiXNLwxj
67PgA4cJq5sqaCs9ZRSjeCpU9mwPJ5i3LJz2ZyKDB1RGocneECGHC9w2rfVsNpphuaehziSkpQdMPT7ZmeBNpLha,323247435,8sLbNZoA1cfnvMJLPfp98ZLAnFSYCFApfJKMbiXNLwxj
5hF2nCVwoopd5zfW8ZExoy7YWFd7jJibTdR3Cx4Md34C1DbJye9AfUx2KZhUv48tKHUuPuMsMUR75KpLqQSsFTWb,323247435,8sLbNZoA1cfnvMJLPfp98ZLAnFSYCFApfJKMbiXNLwxj
4PJc2BE6XeMA7dCWcn6EdcX7KKNoE1WPpd2c7Y5GbLQKtcKGGF1fFAv4vo8yDXfPGKkv4VpjKwvLFFz3RkE5RWEW,323247435,8sLbNZoA1cfnvMJLPfp98ZLAnFSYCFApfJKMbiXNLwxj
5DQgdBq1Fkg2AF2V1XtXzxVbPLDxBtTkm8iLCHh6E7G9y973c2jpaADA7u7ciGvngetrGeJSFgUe4FwhjBmaKye,323247434,8sLbNZoA1cfnvMJLPfp98ZLAnFSYCFApfJKMbiXNLwxj
44bTLcZRPBpTD6ui7jmRhMbatt9erwMsGAV7L3i9e9kyuDRwfC2oHoawpLwPQuLuFYfBrXmqam6bfBaDXzgMifQr,323247434,8sLbNZoA1cfnvMJLPfp98ZLAnFSYCFApfJKMbiXNLwxj
4vWcva1D1X8RySaC2W29UGQTGC7jyHHH8AF18MtKHpZgs2Bb3JaZsB4HRzwLvicrSwrAzxpZEs9gHpZUHsgfGRET,323247434,8sLbNZoA1cfnvMJLPfp98ZLAnFSYCFApfJKMbiXNLwxj
28nSsy1aSs2LWusm3BCf25Pqnw7sinssgoxY6B7Tfb19obXyifZgykb5Lfn4A7iP6NhqS7N48eMCLSsNCsX5tRWT,323247433,8sLbNZoA1cfnvMJLPfp98ZLAnFSYCFApfJKMbiXNLwxj
5yaAQHc79MQyDhwhDWXzCfaxR6UczvPopseLhPutDChSzZ7ycpamyRjt6B5VJ9QHzwBY52WTYEr3FNkDU6vNDoVd,323247433,8sLbNZoA1cfnvMJLPfp98ZLAnFSYCFApfJKMbiXNLwxj
3nJytPjSDo5vDTiuQeuhj4nRFwptYE5odusZR8XggnUzY8nxdhmJr36MgqSSbzXJaVutZwwHWZCmQ4FPPfXuwFzt,323247433,8sLbNZoA1cfnvMJLPfp98ZLAnFSYCFApfJKMbiXNLwxj
Vmt6v5rFxwPtSK1wii2vZm8aGic5s8E94QBk9j3r8h1gxtpvZhxUrNvPk9bt26CxB7WMexVrdr3GzJNrQK2pEB1,323247433,8sLbNZoA1cfnvMJLPfp98ZLAnFSYCFApfJKMbiXNLwxj
3VfjLFUnFC4ubzH9WBMWMpmMpxKjRQahCsSPwgwFgqxMTt9EbDeHMgsSmVa4KmQFE4baEBEG6fDFTEhpjQ45Ys2C,323247433,8sLbNZoA1cfnvMJLPfp98ZLAnFSYCFApfJKMbiXNLwxj
4wyNNznJh4hGA3ZiMtSUsrrhXz49kBmNtTs7Jd5KJzwLZqDDkxKvMcQfcVtaUEG3zeLXzUoWjMzE6hA6a6tkaRmv,323247433,8sLbNZoA1cfnvMJLPfp98ZLAnFSYCFApfJKMbiXNLwxj
3PLU3Y1PJQPZv4c2gYTq4iqy5iZiJCBR1AqhkYGFPVu47DyQMhTACbc1zie66bwbGqrnM2Bw9mAAnMAma2LQqCa,323247433,8sLbNZoA1cfnvMJLPfp98ZLAnFSYCFApfJKMbiXNLwxj
3LPUrTUjvyVGXy3yEmUWrA6KinN3xhrZmZKCn4Fex4gDArvgvNo1fNKegFqqmiqULWP1435AN1ZB38A5Kk8jFdcW,323247432,8sLbNZoA1cfnvMJLPfp98ZLAnFSYCFApfJKMbiXNLwxj
3n7ANyVFgAf3t8Tgvo6mjCtNjDReD6NFycoeBm1Y4Wr73TBePhNwic6yvsYUBwiSmcEX8poAJja7G57JXAae22jF,323247432,8sLbNZoA1cfnvMJLPfp98ZLAnFSYCFApfJKMbiXNLwxj
2Hz8C8kQyH5yaSZZxbVDDTjLjynVr4Q6G3r9saBXM6BS9T36YbFHvrhwrkBNE8Qj3LR4xJnyj4mmHt5qSEM46jXY,323247432,8sLbNZoA1cfnvMJLPfp98ZLAnFSYCFApfJKMbiXNLwxj
438sHDxAQQqt678ybJCakKGaU6siPZbaA6HxBukiRyNY2j6MwNPD4rVuHJYFwyUnNnZGP8HwrL9tawsPYFMYUWnS,323247432,8sLbNZoA1cfnvMJLPfp98ZLAnFSYCFApfJKMbiXNLwxj
4e8TXqT66QkeDRj4juq9rDoNDFmZdyTP5nX8R4Vz4MNf9gkGkVYir9G9Xi26jGVQU4jmeme3WQ8znmYnQVi6Lh9o,323247431,8sLbNZoA1cfnvMJLPfp98ZLAnFSYCFApfJKMbiXNLwxj
5TxdpKMGhjjsxLm2pJg8WTnkWsyg4AYpgLmAXPZQVTgQzfdCYTZopvfC3MwVNwyNoJhX4MkAra1ghTWVWnvKZj1d,323247431,8sLbNZoA1cfnvMJLPfp98ZLAnFSYCFApfJKMbiXNLwxj
4MTqQ55cUjZNzHPr4wDY3sE8Vk8LboSaBLRZu7UbBXVNE3iLmMoyVmfcntdeccSS3NMtKAok2vg6RByPRf453DiW,323247429,8sLbNZoA1cfnvMJLPfp98ZLAnFSYCFApfJKMbiXNLwxj
YqojfWRcpvfCpvdLExVC1RMTfTNRUHRrJVQAJQFwzdYVU91BmMoUw3HJGkmjV2gv5wKeKLVZDmWZgCQ9ygfYzBc,323247429,8sLbNZoA1cfnvMJLPfp98ZLAnFSYCFApfJKMbiXNLwxj
25X4gdgAMxEEeUBQYM2imCHuKEHdLa93mUHQNE2hVkD1NvSzWx47LQcbqH2tyEAkGtsC5YS6HbMaaFSiKVTxAKiQ,323247427,8sLbNZoA1cfnvMJLPfp98ZLAnFSYCFApfJKMbiXNLwxj
dKnuEHcD6BnbTWUeJFo24b7zPa4CievgsT5rj4VgjxmjyyYcwukFkwEWpqM77RohQg8do6xfE3Akh8EzDCL4Gq9,323247427,8sLbNZoA1cfnvMJLPfp98ZLAnFSYCFApfJKMbiXNLwxj
4RXoJXjpudM6XuRST2rE4R2vMu8KXK1zrJD6Lp78o8vCy2GBU82TCp25ErdbBXLXNkCHc8CW5xCBKum7DKNjCubC,323247423,8sLbNZoA1cfnvMJLPfp98ZLAnFSYCFApfJKMbiXNLwxj
462gAoqcCLB4K12zd6238eWbN1w6Pw7hK8wMxRdcMSAJMxf4zsFQmw6vKrhyUHcuzJ5J1sn38uDho52ZPPwpM7ke,323247422,8sLbNZoA1cfnvMJLPfp98ZLAnFSYCFApfJKMbiXNLwxj
2BL3SphVqd9fXqfmd4iLuKNxSjcMHebETDCNDesNuLGctdPYxfp37fLQnsAYz36PeVYt91QP4V5wyrvEF5oqE3qQ,323247421,8sLbNZoA1cfnvMJLPfp98ZLAnFSYCFApfJKMbiXNLwxj
32N1P2V5MX9wUbsMC4wf5jntv1awE5zhoKtrGCTivwhdZdzwVGQyafg5F388J4bWuM1fCnHv6hf3rHdQahCmEo2v,323247420,8sLbNZoA1cfnvMJLPfp98ZLAnFSYCFApfJKMbiXNLwxj
66k7paLazG8C94KE2t3YDj3HTTSjH2jgqFXAJFXr5gq4mEbfGJvsFuTGvpAu6xSZEQwXrUBnZw8JCvPSFuj81yGG,323247420,8sLbNZoA1cfnvMJLPfp98ZLAnFSYCFApfJKMbiXNLwxj
3vjHp1jXcYQxqFbsniRDJG8p1sWTW9XPwfdFwwYTgezepwSdQy53HeSV3hxKJrvbrs61HRXAEd5gXLKmCaGoQapZ,323247419,8sLbNZoA1cfnvMJLPfp98ZLAnFSYCFApfJKMbiXNLwxj
JxBJa4NacekjkJqVekW1u3Ds6RN3LJYadKYLGpPRWZTqUFKidQDR5PE9fzgmjRRDNU1c5oGWbX2w6HEFQdt6u37,323247418,8sLbNZoA1cfnvMJLPfp98ZLAnFSYCFApfJKMbiXNLwxj
5XRvr1MaAW7vzQb7EUc3oDKyhPWNGXUp5C8jxtiWu1eJcfSvTvwhmGVuDivSbd9y2at99rcEQTDcC1cwNUsASR3v,323247418,8sLbNZoA1cfnvMJLPfp98ZLAnFSYCFApfJKMbiXNLwxj
XBEEHZBJLpM7496U8ZTvZpeCGKpDBj5oP9x9gPWLXXgb8PwYXm1NMWdXEwbD3Ei5LbqCHCYPjfa1qneXkeZRjxH,323247416,8sLbNZoA1cfnvMJLPfp98ZLAnFSYCFApfJKMbiXNLwxj
3ekZL5MuzdyywZhGg52UhjmooYL9gKWFSYqdmVdgt6AgzEAgSugXPNL5LnwjYUySmGSBinYk7ma18RPq7mG5UQqR,323247415,8sLbNZoA1cfnvMJLPfp98ZLAnFSYCFApfJKMbiXNLwxj
3JsRYbmtbNdcFRGNfVGEanGcXmSQxHVgcmXn37UT1brTxTgPJihWV7oB3suYxXgyhWwH9ruiP4BgJwJLsq8xYUW2,323247415,8sLbNZoA1cfnvMJLPfp98ZLAnFSYCFApfJKMbiXNLwxj
4qv8YjdeocFZLm46aWEakj1c45Hm3XKuwnDN2rBTLtFGsHc9eqKrgV1x7UmTqFwFuaRxtxjCnSAGTBrGpiPEYReV,323247415,8sLbNZoA1cfnvMJLPfp98ZLAnFSYCFApfJKMbiXNLwxj
5Ss4QBm8Vzam3EBaexbRNVLM75RyMTgf19PcNGZ6teGV6QJNQ9sQHNKjquyEoMTTfsjGaosDVsjdowVqpHD4XRtt,323247415,8sLbNZoA1cfnvMJLPfp98ZLAnFSYCFApfJKMbiXNLwxj
3pTgRLTks91XR5oCwqQpN2NoqcSu4zNShEPQK3pF81NP7MaK9ckJf2q6nvvBL946HCLwoJ25bs76fGs4BwJWNxzh,323247415,8sLbNZoA1cfnvMJLPfp98ZLAnFSYCFApfJKMbiXNLwxj
oeVi6x4CHku2zBGUhSB2uTdw4Fsyse9ZTEd92BFmPgvJG7Y8sfWJWt2mfjgBTq82xNHtv8Dhoeq2boNXJjrxnaP,323247414,8sLbNZoA1cfnvMJLPfp98ZLAnFSYCFApfJKMbiXNLwxj
4mYuRxScGxWsMFgXZ4ed9kpKiTBCoAv9oavp1jUXRpnvR9eUUQc4smgFkE78xB2umU26WJgwb28jm1ScU7eXgBM6,323247414,8sLbNZoA1cfnvMJLPfp98ZLAnFSYCFApfJKMbiXNLwxj
vCwKwHPH9LRN3Z7kRvX25URLHXgLFDao3y56EmKMMmrvByDgBAqZVtWoipmNWo4mRCZ3yNQLdoBi6A9HFnyrdmt,323247413,8sLbNZoA1cfnvMJLPfp98ZLAnFSYCFApfJKMbiXNLwxj
5A1H8SJQ341tFiE4LiJGtFbaUhrWjfW137aVKj5MExYm6DVyrUSSCJ3kANAJnc8LhNrEqxQTS1xBNgKFLmdLN64i,323247413,8sLbNZoA1cfnvMJLPfp98ZLAnFSYCFApfJKMbiXNLwxj
2g9PSTeumxZBZKQt1yKaddJwJkii2iqA4Qja6jsj2hwT1SMAgC4eEvrZhJ6rZvGfm6ik9CxCK3gnryZa59w32LFo,323247412,8sLbNZoA1cfnvMJLPfp98ZLAnFSYCFApfJKMbiXNLwxj
4FSjDj9vNhMiETq8RvuYYh7fw4icZVs2qrMBB6JFZU4Ak2zwt7iVJp2YoVTYPEsoj5uuV4J4udwQybHf6BSTJXJK,323247412,8sLbNZoA1cfnvMJLPfp98ZLAnFSYCFApfJKMbiXNLwxj
5Ygt5VpBg4Ta8oByHPwGX6qbZHu19utyoQqUeTihNzZ9pYJXzx1WNTdyJ2Q5ditxjyz4dPZ6Lfvx6cCVi6wVGtFW,323247411,8sLbNZoA1cfnvMJLPfp98ZLAnFSYCFApfJKMbiXNLwxj
3nFUN6kgd8SZmUNAejTVZne2j8ZmNEBqZaZfVKmYbuVv7gpLJSjuz2UPiHeJP8C6mhQYK5Du9dhfpwmMUEKkXYN,323247410,8sLbNZoA1cfnvMJLPfp98ZLAnFSYCFApfJKMbiXNLwxj
5JtCgjvd1TjXMAbGABopbjfKf24cH2GWmVdV1yTQqF6JkFJB7e9zSXVqB6hfWg9vShakV8E56wgHstzSX6dLTebW,323247410,8sLbNZoA1cfnvMJLPfp98ZLAnFSYCFApfJKMbiXNLwxj
36gyyiSia85YMdSABj5hqYphLQZSiKmvytbXvVpMs6rwuwU3ggpFTz1rgbdT4pnMMTao6TAPwMotVRLUNMtcn2FV,323247410,8sLbNZoA1cfnvMJLPfp98ZLAnFSYCFApfJKMbiXNLwxj
5HpkY6h4so6mnpgQTGKK3UUXRmmfq9rfCAYr1qiha4Puu6Gx5pf5G1E6S38uhC1iC8NzCzKqE6jwmDPntDBmv2vW,323247409,8sLbNZoA1cfnvMJLPfp98ZLAnFSYCFApfJKMbiXNLwxj
47nL8CQS5qFqZo5cWSS3iSxmwteUwHU1RzodVhtygZQSr84Y67PXAeK1u1CDJ6KpdRyUCRX8Xp6Tm64tWq6bBMuU,323247409,8sLbNZoA1cfnvMJLPfp98ZLAnFSYCFApfJKMbiXNLwxj
56zCBHdUxj6XqE3sMK5XCYbbUsp6zSuuyUkg4vpTr1HKGrQCdKQptoNQmTHeZz6jA2gMbYQVckrYByNdQYWcc6Us,323247408,8sLbNZoA1cfnvMJLPfp98ZLAnFSYCFApfJKMbiXNLwxj
2gSj6UWswEWvcYGFr9zEWsWcvZCNowWwGDz7j2RV1KN11Xrp7hAwupgkRbMNRogUvWrXHzthueVaqwWGsvxvVtGc,323247408,8sLbNZoA1cfnvMJLPfp98ZLAnFSYCFApfJKMbiXNLwxj
5BnZDTCra99e4vdJaoRqxyNVVFkF7wsgz1PbwAsudZ96E6bmjeueDR13BrRSb7MXH7zRXzekDx4KcNvcs4653daD,323247401,8sLbNZoA1cfnvMJLPfp98ZLAnFSYCFApfJKMbiXNLwxj
2hLUev61ahqpdtURkxQphAMGeGkJ3AvqkJKPo3SbYSDTXnyYQfL3yzguyXZd67EEkbpuvuC6oQDXYsMYjTtWHcZs,323247401,8sLbNZoA1cfnvMJLPfp98ZLAnFSYCFApfJKMbiXNLwxj
2eUKppY9PM85iZytnq2rEskeQpae2MDHnzsHxQjnkYfhQKJzLrR3SjecNYv4N2bE2G6ob21xSVZbCwSfkW7oNSgC,323247400,8sLbNZoA1cfnvMJLPfp98ZLAnFSYCFApfJKMbiXNLwxj
4pAvygqGYRCNJ2ZjmLQMcpCVtKKr6uRd5hnPxi5w6gDiGBHdjDhti5zGqefeVmYNtnZ12yPuEUYqTNy2rtXDg2qo,323247395,8sLbNZoA1cfnvMJLPfp98ZLAnFSYCFApfJKMbiXNLwxj
488Z64azK9b1L3gz7nZMBMuqxgRVZRbygHKqcH9d7AXuuCkTovmjUv7kWao9zmc2NfNxRkcUDNqd2qcder5CUa6P,323247394,8sLbNZoA1cfnvMJLPfp98ZLAnFSYCFApfJKMbiXNLwxj
5ZdsGjiWDbkXcgmBdtMbb71QsVFesaLsd32dYwEN3hHPMtaXjvJD2rd3L5a8jw23AGaBu1G2TxkuJqjvEEY89mzS,323247394,8sLbNZoA1cfnvMJLPfp98ZLAnFSYCFApfJKMbiXNLwxj
3YJ6aWmyJHhovDZSm6oG3FF93o1sL7gc68S6hBb2sdWdHf4ow1otZNebBjvzH1q59ydyBZS7QeHt5zi918Z9zuM5,323247394,8sLbNZoA1cfnvMJLPfp98ZLAnFSYCFApfJKMbiXNLwxj
4aLFKQ73oFSitQCwwak6uwPpJafTcP8oESbQbopqeAmLHjWKdjnsJ6F75K2Wq6FLHyF6qvaULm8uYeF2Y3KHMN45,323247393,8sLbNZoA1cfnvMJLPfp98ZLAnFSYCFApfJKMbiXNLwxj
5F533UgUQs1t3WSP7HqLQdUCn1AZkainCPKUTcjwVjBCBkBLAoQYvv2zjnyRX8AmpyvwnpSro8HZB5gPJarfeP7B,323247391,8sLbNZoA1cfnvMJLPfp98ZLAnFSYCFApfJKMbiXNLwxj
BJn3kgNyBXZygEetUNjTdamirw1weU85n4V4odXd1jcZULsD64m5qKvvcyQrMbwjgs53gQjMAJYMh1AdB5gfg6A,323247391,8sLbNZoA1cfnvMJLPfp98ZLAnFSYCFApfJKMbiXNLwxj
4NSWLYaaHRo3D2DVLis6epoZ1sSbHeMDjDE87qkB3RVuCdeDYNbBoa6zRZCSeDJYSSTngZuE7fepnPyTWQyFseq9,323247391,8sLbNZoA1cfnvMJLPfp98ZLAnFSYCFApfJKMbiXNLwxj
3eoQLiYdZJY33GFfEDxUNShAHq6MboTAHZsqKAe1emWmUN7xmXcF7ctBQ4HiZEyaEeQohNzRhvNLHM7axSxAVF5M,323247391,8sLbNZoA1cfnvMJLPfp98ZLAnFSYCFApfJKMbiXNLwxj
XGhoUqN58i1QRimhLYFjmkp3D81nGuweCkDUzXzPKnx2m2zg9LHyDKmTSfa96Ks3PzcdHiDt8UJsewFohcJSqo9,323247390,8sLbNZoA1cfnvMJLPfp98ZLAnFSYCFApfJKMbiXNLwxj
3sETXXXcyEh7YRJ9oz69WU8ryNim5LaVe6VXRb8H4o9RiKwDrN4zi1rDy4NUparvpUZceH9g6dFEF9kQ2DptGMya,323247390,8sLbNZoA1cfnvMJLPfp98ZLAnFSYCFApfJKMbiXNLwxj
2p7YNAucJYiAwEQP9XoHUWsGM4FAqqiri4x3GCTwLsbYDpz1LKUpEennoBp6g1MXAG1oFUStLBYHVhKRGsGTuXHH,323247389,8sLbNZoA1cfnvMJLPfp98ZLAnFSYCFApfJKMbiXNLwxj
1FaheUSHxMopsqVJ2wuf1kjw9evq6vmxQEVKPieCYL88FK8EvRb1BSbreV4QnXx1KSDnXGaCULWVamsN2zdyuV8,323247389,8sLbNZoA1cfnvMJLPfp98ZLAnFSYCFApfJKMbiXNLwxj
64surJnaKsJE7uv1pXFUhVmUitKsifojsRtVTBJYvmXjwXR9c87Fa8KpxbfJ5LyEmFp2xdGh7AmmkEREZfLBqbSN,323247388,8sLbNZoA1cfnvMJLPfp98ZLAnFSYCFApfJKMbiXNLwxj
3A1pD2uD8LuMiXJc4hGXmcwrDfCDVxXVdH25PdLmtCr4TF7Fzuc4auosv5ZHfan6vYjyyqJG6tNVUgGeaQTqmPtA,323247387,8sLbNZoA1cfnvMJLPfp98ZLAnFSYCFApfJKMbiXNLwxj
61nHeCojev9DK1vqUW4iSXkeGs39D72wswqWqfy7opp5fAwAuYcdGvTrrD8sAnDfQoidNCxQuEwYjWHVUPhq1dJR,323247387,8sLbNZoA1cfnvMJLPfp98ZLAnFSYCFApfJKMbiXNLwxj
4sVztxg33FVKQcyAMasKpjnNYuB46YCqNsV5xCsC8iC451aSq8evEDtvAGjpBXFeMU7gVffUCKrfHVrmeuweWv4,323247387,8sLbNZoA1cfnvMJLPfp98ZLAnFSYCFApfJKMbiXNLwxj
TXbsbjomEDybcG5tbqHTgmUC15Wp3bJDnWLrYEf9WXM3mqDxUPXKgG999GuAmGewveWeKyg4qF1uFHBPd4ckhoo,323247387,8sLbNZoA1cfnvMJLPfp98ZLAnFSYCFApfJKMbiXNLwxj
22FsmtFT9HMLBw8m4Fj3m4ayCNrgGHRCVbjndnB4aNHzCYmzERoshyx9gdDXFX6PzGRQAjaf7KEaL21J8vqquCab,323247387,8sLbNZoA1cfnvMJLPfp98ZLAnFSYCFApfJKMbiXNLwxj
29x3fNrdiZ3mXbZkfdY5cArEyt7gEP97Df8uz69v1nqgHYFwKwzDbBx9YdX9Fv3LyyGNttfUpepssPRKPVU46vb1,323247387,8sLbNZoA1cfnvMJLPfp98ZLAnFSYCFApfJKMbiXNLwxj
2DT6toT8YhNhCbqmTgiZnTtdZyZ13dPuY5G9uf5H1TNBU887CzHVv7QAfCkrFULrPkLLBrLsuyvFPYPae9eMHXeM,323247387,8sLbNZoA1cfnvMJLPfp98ZLAnFSYCFApfJKMbiXNLwxj
a6hc1BHZDANhzrcLL4drPbe3LGc4R3FPkoD2Td8WPazLno6L8aoLEvVVpcKYPW2KXKJ7sxM6MwbsmXA4MP7K1jJ,323247387,8sLbNZoA1cfnvMJLPfp98ZLAnFSYCFApfJKMbiXNLwxj
4ica9LYi8VbynXy5cBNVmV6zcCjgf7vH1SBseoYwRVkZAHpLCU4RcjTaUnVMkhVpYM5G45mF3edfqaZJsFCcG9zW,323247387,8sLbNZoA1cfnvMJLPfp98ZLAnFSYCFApfJKMbiXNLwxj
5Hkb8X6vcfSU6ZmFiy95qC7h2axbcSj1N5nh2NhNuaQMTcRQwwTSzup9U8LhjA2wqTa3KBbsHrZpR65tiWfsADUs,323247386,8sLbNZoA1cfnvMJLPfp98ZLAnFSYCFApfJKMbiXNLwxj
w9eoe2Z8KLBAWHFqeSm35jYvMSqJjv1hCj9xCg8sx3yAV1cKNDqrGTis4KGcVcUTTvbkqM45HD5TysFVAquN3Nw,323247386,8sLbNZoA1cfnvMJLPfp98ZLAnFSYCFApfJKMbiXNLwxj
2pfLFBpREgUr8xWQXYkjNsrVGvehcdWWUH8yEjy9eyJQmbTVkgjMqijnVEvoB5QQ3imNNWKsKgbKkzt6bWoowdtM,323247386,8sLbNZoA1cfnvMJLPfp98ZLAnFSYCFApfJKMbiXNLwxj
32tVno4Pu7SoQaBkHPEunjnfG4jnEbHq4gZ3sARp2zq1hKgmbA2TiMYnmBNWRBkwprxrBSzAmnxUR15V6embkGba,323247385,8sLbNZoA1cfnvMJLPfp98ZLAnFSYCFApfJKMbiXNLwxj
5aGcrrGZNFE3yXW55UnkLMw6J3H332UhUzqSj4o1jfNd85idcz83LP6H4H5ShkZ3ov38eKm544Qd94pMTWpHSGBU,323247384,8sLbNZoA1cfnvMJLPfp98ZLAnFSYCFApfJKMbiXNLwxj
12YXQ4tDGUJdUKxdFrkmdm1W929kYvAQK3cKASMoPoDHLk36R2XDgXzMYeJXkVKdV3UeM24WZ4EfbDJUbhJiHFi,323247384,8sLbNZoA1cfnvMJLPfp98ZLAnFSYCFApfJKMbiXNLwxj
wAvqybS7WovK8gfnRnrV1xdZVfRHmoPtiQFuQKJ7XjeBXwGWpkMkF612U9qbQ1Eyh3udxmHv7p16pA3N63cScEP,323247384,8sLbNZoA1cfnvMJLPfp98ZLAnFSYCFApfJKMbiXNLwxj
5s5QFqEByQC1cS589XPCqTStVjiBMyjqAX4cxGHZFz4dvFrgmKMuQFur5a8fZbK4cZUDiU2K5FcEH9HDX3F8nULq,323247384,8sLbNZoA1cfnvMJLPfp98ZLAnFSYCFApfJKMbiXNLwxj
5WZdeTVDXeynfc72SznLev2Vzhe1TtQTubEoAMz2FxUfVrpgFW8pUNPRwSE6EJEtT4amhhbDpn5zqQVX1bQ1uXSc,323247383,8sLbNZoA1cfnvMJLPfp98ZLAnFSYCFApfJKMbiXNLwxj
gdxn89Zp2PpDembFLiLXegPi6x8aY9u2FyUVUctxyr1iVmf1ZcGCYyuPPLBhnHRtfY3zfdsnd6rQ3K92ebckbFg,323247382,8sLbNZoA1cfnvMJLPfp98ZLAnFSYCFApfJKMbiXNLwxj
2BPrxGeVwYUvavm2HVpZKeibo2vfFjsRSRjhZMtNftaqrnURHKzHHXyHVLvFobi32jVMuKwysFwGg6GRD8GHY38n,323247382,8sLbNZoA1cfnvMJLPfp98ZLAnFSYCFApfJKMbiXNLwxj
4hd554CqmM5s3m3vRq8jmVsP7epoKe72VWqZ65uBfkNcUGspJW7kmM18m1GDPUyhRovHoMGocfxLEhfSrh8V2ioG,323247381,8sLbNZoA1cfnvMJLPfp98ZLAnFSYCFApfJKMbiXNLwxj
5AXTY5g7TgDQqSExFhkWmhvauhY6CTV7U23NcpJsLs155bo4dpxy7B94SDVvnbbUai7ej7yMBHmEjJmyd6H4zx9i,323247380,8sLbNZoA1cfnvMJLPfp98ZLAnFSYCFApfJKMbiXNLwxj
4NNrX9MLKTMfXCJdvwLKmpSjDTMZq5FykxXjyv4bKSabVmMmpRane1MfhmLMSLmv355bj53ARVn2Rr5U7zFUSBm9,323247380,8sLbNZoA1cfnvMJLPfp98ZLAnFSYCFApfJKMbiXNLwxj
3uxc1tbnyzUHQE4JoPi4K2kg5TPvyJPVUpmpBqFMB1QFafHzgHwuy56Uu2uA2E4MMwzYymEmoN9eKQFVXBGorewt,323247378,8sLbNZoA1cfnvMJLPfp98ZLAnFSYCFApfJKMbiXNLwxj
rwHcug6EJWAk3rB6ZqazbVXCfvAQx68JkrfiM2rog9unXyUcmqN4QTqvbbET8djGB3x6bXiDDDwBobfiaN6QbeU,323247378,8sLbNZoA1cfnvMJLPfp98ZLAnFSYCFApfJKMbiXNLwxj
36V97R64qUqAnPQxWFnmKcbyqgAJFqxzD8J8FPdEEZoQcxH578JhmpFQ8XKsgVgW4cQD8NN2ijh658Nsfp3zCKQ2,323247378,8sLbNZoA1cfnvMJLPfp98ZLAnFSYCFApfJKMbiXNLwxj
R4DF87VHvvtzvQr67J9GRfkhziKFE1RyPtq9xSyMMjwNhMm44EFC1UHgesnvN52tD9dUCVJN31G5MWTdvueNKvY,323247375,8sLbNZoA1cfnvMJLPfp98ZLAnFSYCFApfJKMbiXNLwxj
3ezpZ2rPMqx1AkUgCiLQtz8RBxeUNzXg6Pek7Pepx4gC7RDKbnNg6oY35Sde3YBT69DWoUSzYDRrf8pSF2dVK7DZ,323247375,8sLbNZoA1cfnvMJLPfp98ZLAnFSYCFApfJKMbiXNLwxj
2WphcoXJHq8J6kLKMbEdUBZRKmtPwBsBMFtyXXn8nc2rawT2qqbivtw63L84pS7yABYitPsUW1RciptfkdEFma19,323247375,8sLbNZoA1cfnvMJLPfp98ZLAnFSYCFApfJKMbiXNLwxj
tcWMyUtSA5et2DRKVxPjvfSTJxABuUPtv3oAxCKYFC3B1zAaHWW1DMkPQ2h6o7n8pVUQEEnGUPBPWEr46xgcBeu,323247375,8sLbNZoA1cfnvMJLPfp98ZLAnFSYCFApfJKMbiXNLwxj
CLTAFjcj9Rd6QV8mw1MM69WDkFhh1QnQ1Tee1d3ww5prg5ow5FcrRwESuwgjJfgMc833wvcsccSnourYaYxMNdy,323247373,8sLbNZoA1cfnvMJLPfp98ZLAnFSYCFApfJKMbiXNLwxj
35Hi8vrAyLNyfYBXuGQcjKgGSx3hRjJhGwiggRTgDyTA4yacnF7AeHNKZg2de4symcf9imjiz6ejj8nUAkNxCtdh,323247373,8sLbNZoA1cfnvMJLPfp98ZLAnFSYCFApfJKMbiXNLwxj
5qbnWudG9SH75gA9VkJZAzKbP291zz1rwpDcPbeBtez1EpWfV6kDYFzcdmwBayVgDvZt2UjJ2Y5adnZUjfWBMeLh,323247371,8sLbNZoA1cfnvMJLPfp98ZLAnFSYCFApfJKMbiXNLwxj
Q78dxEsB1tVnq4URXExu8hB2HKa9sbhQakC9kZMe2wApA7UJtBnfR7wioc5kf8NckFDMhXYtMPacUEJWM63FjrT,323247371,8sLbNZoA1cfnvMJLPfp98ZLAnFSYCFApfJKMbiXNLwxj
3UsTTP4FZpfpRKRZi5283z8K2HoXaegWdXQ4BrfEGEFZY7dQTxSFGezeA2gfGZ2upUxz9yj2ZmZ7aSDKyNLa7MvT,323247371,8sLbNZoA1cfnvMJLPfp98ZLAnFSYCFApfJKMbiXNLwxj
4j9yNK2qxtHEZLLQ4kwzwUcNW8yJ2pgCVPk4JLQWqLR7APS94tHytWKqDfDzC839u8Amopp7Ux8NwRbVUbi1cRW1,323247370,8sLbNZoA1cfnvMJLPfp98ZLAnFSYCFApfJKMbiXNLwxj
2X9QVhw8vBeHXETHu82JGQoiYhE2qqEZBwTRv8Z7rxgqkrExiorLyZsqyR3URCStkSxgDUxiED8QRWiFE9WzXwVq,323247370,8sLbNZoA1cfnvMJLPfp98ZLAnFSYCFApfJKMbiXNLwxj
2GLsBhKtQ6Pke199enDtrnvDyxS5JT1CpnqruDwrqDnLT5LTtugjdBH9K2rURfM4r4Qz1JeRYdSm7uQsD5dGNWAz,323247368,8sLbNZoA1cfnvMJLPfp98ZLAnFSYCFApfJKMbiXNLwxj
54exxF3fqybwstCYSNb7FneSDKygaHfngNGaJQbJFhuE3TNiM1htUAucZA8RVLkhM9TibSFgZ2iMXJAUxzJ126kM,323247365,8sLbNZoA1cfnvMJLPfp98ZLAnFSYCFApfJKMbiXNLwxj
sz3fWSawwWVXGhYJ9uBxNoE9TVgr8SsUUa8X7bSxjx5j8iJUUwJoLi91T5hz3BFGU6wXtHEAhjBfqfRu2bTFhJz,323247365,8sLbNZoA1cfnvMJLPfp98ZLAnFSYCFApfJKMbiXNLwxj
5A76BRhdGuW7s4w2AbGETZ9yMsGWgzXvygL8ThqT94tQVSLMAdM7xURqWjiiQZcEZFvhaZ5aGcSQkMDdxpaXLUVo,323247364,8sLbNZoA1cfnvMJLPfp98ZLAnFSYCFApfJKMbiXNLwxj
UjHRk21NFd5ympMVkuyDZ7nRaRUHm2rEHi6u9NwieoEoEZALnE7kCWBWZVtUNhSDXJonC17XSv1a7EWPqbJ9thx,323247364,8sLbNZoA1cfnvMJLPfp98ZLAnFSYCFApfJKMbiXNLwxj
4JHveABCNco8yGju7YX4pnCzrfHDf5zePoKHtnjLFtDWM3TfsBuLpPZEd7ZSo2U5h3f5d4C84UwgEnd9yz1Eg28a,323247362,8sLbNZoA1cfnvMJLPfp98ZLAnFSYCFApfJKMbiXNLwxj
67qDhTjxgrtEgawXLx86hnxLRhVnwQmRooErxu8eqPEjfi9UKBqQTPXdoraq488TjxaXnJvScEUxXZhXEoctrTY,323247361,8sLbNZoA1cfnvMJLPfp98ZLAnFSYCFApfJKMbiXNLwxj
3qRgfxVGiT8hFEQAUpwVonLrCirEFzmdCjE4MZDG3pYHbP7VtfgWV5g3SFg2iPVkitsZ3UkRxLwPzH6SANTUFvSG,323247361,8sLbNZoA1cfnvMJLPfp98ZLAnFSYCFApfJKMbiXNLwxj
2zcj7hLqiEztaaLNwNursPKyRmoLwTqokSB2DDRmKzabuRLiWhCEZm3fJpMXZZkFPfrE3yTcXQnVVJDM6zpT7SuH,323247361,8sLbNZoA1cfnvMJLPfp98ZLAnFSYCFApfJKMbiXNLwxj
41TKjrVLkKVbjmiAxdTTa6U7zGjkcuZ62aZTHmd35W44L7uyADjunwCvc3fwpCS9p8jx5zFkVzNGMyAMpEzSNyTJ,323247361,8sLbNZoA1cfnvMJLPfp98ZLAnFSYCFApfJKMbiXNLwxj
5fjFoG6Z13tXZ8eLoXPWQvbVEoGqm7t3nujomAFETureQeaXmuu3LVwexcpq1svBvkFVhAvSFHxYbrzex5tqgBzz,323247361,8sLbNZoA1cfnvMJLPfp98ZLAnFSYCFApfJKMbiXNLwxj
45tJSifjib5gKJAQK2x8BDWaCzb38dc7U4tTtAP822FGin4Kh5BRyzcRHqBy4dXqHqsZj2kAPKTWbDiWs1FqKnPe,323247361,8sLbNZoA1cfnvMJLPfp98ZLAnFSYCFApfJKMbiXNLwxj
KBnF7jkRf9dJnVTg8ZNGRxBotbqP4JwWDeKaQLLBiR7Bt2BrWD9GAmTapuuESaERag8fsk2aByJQeUZGB4CWoBp,323247361,8sLbNZoA1cfnvMJLPfp98ZLAnFSYCFApfJKMbiXNLwxj
32UQJfTMtZB4rW2T4aocwqbcog4sHSiAK5dAj1SY9micXt4xWdeSq8CS9o6pWgiJZNioHHDmXKDpmTiJue53Bqbc,323247361,8sLbNZoA1cfnvMJLPfp98ZLAnFSYCFApfJKMbiXNLwxj
3rUMgpL7ADUADGBoawW6x7g5K4Uxqv4PAgy8xJ7rvitRiMuVBCDDFJJfbr6gVZJwDcLFjJS2ixHTMCBK9Q8qBjoB,323247360,8sLbNZoA1cfnvMJLPfp98ZLAnFSYCFApfJKMbiXNLwxj
246Xwszpdp5CkeTRson9uf5ZGSyBzRZktYysoGApdB6APrEJmaVSyPEtk9udVY5VyZU2i64xuUGbS4h41qJznSnZ,323247359,8sLbNZoA1cfnvMJLPfp98ZLAnFSYCFApfJKMbiXNLwxj
3NWFFnYphhaPMeXq4N4XiWPB8dqd1rWDdtaCqrwYEwwHq84VypKE3oeqqxftoq3rhZPPW2cpkbteEmRmuBGfnmGn,323247359,8sLbNZoA1cfnvMJLPfp98ZLAnFSYCFApfJKMbiXNLwxj
4zJY1xXw7xxkfBJ7H5aPW6yny6sbSsPMSsHq4MDJ9bYC4pVQQxCL19WBnX77SQ2YxDRB9JvBMAcijTDmvXhnKu5x,323247359,8sLbNZoA1cfnvMJLPfp98ZLAnFSYCFApfJKMbiXNLwxj
56giAMHXwwKqjx4w9HnhAy1Mx4fVBWaC7sx1B6ZzGXZzjEDK3V4iEBX4iNRGU81FMdbhJcXh5U4XfxESviV9AcJW,323247358,8sLbNZoA1cfnvMJLPfp98ZLAnFSYCFApfJKMbiXNLwxj
2WqZrpijmVQV7WSoMsYpFJGqqEik38S54ktaxewur88A5kbrhFy3GpJcLzxEnWQoQd9HFX4xzgRCRio79uLxY2D4,323247356,8sLbNZoA1cfnvMJLPfp98ZLAnFSYCFApfJKMbiXNLwxj
Xen4xAMwaHttM54yj7VveyCvTQL8FSYKBjz2AMnACJnWWjzjgJHLuXcZnuqYtEUChHBbJ7aGr6k71wxxAh3uWkz,323247355,8sLbNZoA1cfnvMJLPfp98ZLAnFSYCFApfJKMbiXNLwxj
5ZWt4pctQan5MZiXxQGK56ywR947PqrFWC9Gn4upedxtEoswMwWt1VsejtWqC8efio16yuJeaYziLZSL6UJDZT4N,323247355,8sLbNZoA1cfnvMJLPfp98ZLAnFSYCFApfJKMbiXNLwxj
2gk6da2vAMd2vovXa7CFSvPrLFivva5NprmD7NxTH8Cg6exvZ4fEBvfpCvoKUixBTazXeeMy38rg7Sbj9qNzG3pB,323247355,8sLbNZoA1cfnvMJLPfp98ZLAnFSYCFApfJKMbiXNLwxj
29NfYSWdJ5VXMJaq6AhXfExn1UdLrndYVxajWQabrcdpsfDcfq4mo6se57zdC65aMqmaBTVkJ5JVyRRAVpRf6mXb,323247355,8sLbNZoA1cfnvMJLPfp98ZLAnFSYCFApfJKMbiXNLwxj
3HonZvD2r2rVX6NowJtjfGnuZZt4QYhH6Q7NmfxgcZMLQsHU8SKusF76Ho3F2yKkS8mAXhU5ZjDLcMXqJgBZ2CuL,323247354,8sLbNZoA1cfnvMJLPfp98ZLAnFSYCFApfJKMbiXNLwxj
595QGZiMSqzgbXkWECrzN1pczfT5Er8UeuKsnsUH47efGyzFLrSfivfMUW4La6dwmGpzt8UcX6dvHhf7Qyyif9JM,323247354,8sLbNZoA1cfnvMJLPfp98ZLAnFSYCFApfJKMbiXNLwxj
2SFThBgA3DWz441b3TXVgTBWimwMgbaCwCdMRCz5oxddKAZ1zGT8LYWwytUYgoLByeyBpXwZH8xaf7oBWejFsswK,323247353,8sLbNZoA1cfnvMJLPfp98ZLAnFSYCFApfJKMbiXNLwxj
2LB69qyDxf513FoA5LrA84kFisy51FfmeshLwStzVikL5mkC5vZBcuYhko4aKuQy4gZiCJonyQLMbYjckZUVcbMg,323247353,8sLbNZoA1cfnvMJLPfp98ZLAnFSYCFApfJKMbiXNLwxj
F7yPVF32z4ycLSKAp7Nu5aZtdPeMKjercWTShioEUxfKXajYh1MzZGqnHfivk3ejeGFcL7d4kQoQHZgBNDJHC6B,323247352,8sLbNZoA1cfnvMJLPfp98ZLAnFSYCFApfJKMbiXNLwxj
2USCtNSXamky5ERxUkFpsd35kbG1DTtvFg4Fc3cBUMjTEGYwa55seBXZRnq3wrJgwSWqQTmSW1eBmso9LRGUKfnZ,323247350,8sLbNZoA1cfnvMJLPfp98ZLAnFSYCFApfJKMbiXNLwxj
32qFMUoQFQcz3LkQ7MfBW8saiiBqDHcE5DcJvd9USd6WEuaiftvNX1ajezi1A68zzigKKfXV8EUWbMwvEgs65eno,323247350,8sLbNZoA1cfnvMJLPfp98ZLAnFSYCFApfJKMbiXNLwxj
38V5sjzgwCFnhmeZWVuQYWMZhtHApKCCqk8GC6fWHtazRfHvENVskGGAaK7E9P4eJ2hRKkjbbJbJuNWpt3ncQYk5,323247348,8sLbNZoA1cfnvMJLPfp98ZLAnFSYCFApfJKMbiXNLwxj
3E7aLXXyEom9nbVgCbEoyf6tpzS9NTCgYT4WigeEWkqykXXNJejWNnYryoWQW3xd1i4d8Je5EEcGr5A7GxbzuHev,323247347,8sLbNZoA1cfnvMJLPfp98ZLAnFSYCFApfJKMbiXNLwxj
35cC5dxUAaXrRYREgRBkMWUDR8NTHZPwPbPF7pYgc1oTPH9ftZbPzBeU2mHfbLkzSJ6PgZCxiwAkDs8XgcwbhJdX,323247347,8sLbNZoA1cfnvMJLPfp98ZLAnFSYCFApfJKMbiXNLwxj
5RX2TY7uY88Y9GmXUmT9d5JGeZ4J1vPuwu2iwUxuTcdCSwsCFfZrKfaYuvAA2Um3MhZxj56Lr62bjFmTofeTi6p4,323247347,8sLbNZoA1cfnvMJLPfp98ZLAnFSYCFApfJKMbiXNLwxj
4B33ySPrw5dnNjuqTJDtT368r9MJTcTAbtCghjPCsW86cKhVHcXYpvkaJr16FrH9fVQJ5uwuLzBAJXhmHkQXjz7W,323247347,8sLbNZoA1cfnvMJLPfp98ZLAnFSYCFApfJKMbiXNLwxj
5JQZie2oMPSGc3j3mkg3iyUTzpNG6rm3ri4ok4Gnfw3rqxLosLyLyTFkcZcr4xbD7LGe18T7f77k6JvjBBTyqhWH,323247346,8sLbNZoA1cfnvMJLPfp98ZLAnFSYCFApfJKMbiXNLwxj
2gYo6KsDpueC3Yyh3XYEGKJpD49LGXtCSrM8cqpuCC9R9QuuDZhisiWLDqesdLisNFdqX3cu1ggYyUTeG8yw1LWe,323247346,8sLbNZoA1cfnvMJLPfp98ZLAnFSYCFApfJKMbiXNLwxj
f3cqXJrkg1stqMC9LUxHR1QxJ2uRRYXjNNWe9a3VQfsrJzWbv8ZwD95yjXARiy8C8LmVY3676yxU3d6bCi4j9Sd,323247346,8sLbNZoA1cfnvMJLPfp98ZLAnFSYCFApfJKMbiXNLwxj
z59Z8mzGnXHLD7ZL5UHBJKPkEDD81PVUkKB7XSizPUWpq8przQZmN3T2xECTFgtxC8auKDBRkqFJnJ591FYgtcb,323247346,8sLbNZoA1cfnvMJLPfp98ZLAnFSYCFApfJKMbiXNLwxj
4NDgPJnDj4knhwPZ9Xf3ZkUWcgFqvDnh8g2eLuQ6XdDTkpEe7U8T6KUbqhxkxag7QKmJH6h4N5XGwGT5DJ2XFkJt,323247345,8sLbNZoA1cfnvMJLPfp98ZLAnFSYCFApfJKMbiXNLwxj
WkKjdAXNppYZyPtuAGsQfziX34uii6B6SBQ3d1vYnW1d3iyDtGh3znqox9EuE9waJhLoVpveeEjtVnqTUCmuozn,323247345,8sLbNZoA1cfnvMJLPfp98ZLAnFSYCFApfJKMbiXNLwxj
4wKQvXxtbwTpZwpgVwXmTZ1FpxQjwrt6d6shEYvEDLcDAB1zKbtBVtrQ2opFGDR8NiPm1KtWr6iyu2DU2y7VSjFJ,323247345,8sLbNZoA1cfnvMJLPfp98ZLAnFSYCFApfJKMbiXNLwxj
8hgvfBu1pUeYm923BQtQJN8Sg7rzZga6FXizUJjpsYhSnLVWfAL7ydk1DqrUVU6aQmzwNnhgm2GALNkL3YekrMy,323247344,8sLbNZoA1cfnvMJLPfp98ZLAnFSYCFApfJKMbiXNLwxj
5cfyfMNZySY3Pv1Z2fh6VExaUXAiCHGUEQ24GdPxKGRVvcT1wugH4f7TZjjzRP8rvLKMf5y9vFqrBBsozWX5c6K6,323247344,8sLbNZoA1cfnvMJLPfp98ZLAnFSYCFApfJKMbiXNLwxj
75fKy8F6XCYvkbZcrCYCue5FhGcLEodBjNEAWuSsk6LfsMzeSi6AMH8hNzS7bvMQqZ69oWWPf9mZ62KsiFySBF6,323247344,8sLbNZoA1cfnvMJLPfp98ZLAnFSYCFApfJKMbiXNLwxj
5Z5bQG9VNRovzLWirvs9iLAiCBfDbMtFCcH9KoAbe8ZX3naf8rJoQWYWT15dvMB5UtvDn9wVPfkZTssFio8Rtxy,323247344,8sLbNZoA1cfnvMJLPfp98ZLAnFSYCFApfJKMbiXNLwxj
2sRGqjYSsTW36GAdP7p3amFr86sDt2vK2dTqTwQtRR9KaHHE7FbR9FoCUF1XEm4y6ScZyYUiYWpqQ2n7Pz2hi5Mj,323247343,8sLbNZoA1cfnvMJLPfp98ZLAnFSYCFApfJKMbiXNLwxj
4eTBogNtUBn6j5XXhaXzNBuYxM2sCwtzdbGB4jx9qgmGUQ1Yrt86EMay3Qmx3NjH7s96h7rraHfhgApFnmUWi9FW,323247343,8sLbNZoA1cfnvMJLPfp98ZLAnFSYCFApfJKMbiXNLwxj
2gxxFsPjDbt8unXiQXwjRFDZUYFXTcSbgTHWDDtivgYJ2d4YtoXKxCYULMvZyVhRNwVwHQ5G9bLZhggrQ1c5WAom,323247343,8sLbNZoA1cfnvMJLPfp98ZLAnFSYCFApfJKMbiXNLwxj
524WsQQu9yfECE6ZKBsS3jbQRZBtotLxxKRErS4uQaQqX51PziKTtGbHkuZ4dUwSynK9DTpjvEFfuzQa1o6Xs3Zo,323247342,8sLbNZoA1cfnvMJLPfp98ZLAnFSYCFApfJKMbiXNLwxj
3ZMveCpNDDK895rBjxgPmRaVNxt28SgN5nCTtbzJQjvXEbGvJDLyWfBDH4zegVTca1UUtm4qkq25fRaGxwfH5WjH,323247341,8sLbNZoA1cfnvMJLPfp98ZLAnFSYCFApfJKMbiXNLwxj
DF16fT2wLmCDrMkYYRMrQvgfdmKGacZw631W3GvSyrH4CK67ysXXG3qEDUTCtU8KboSd4ePQ77jFMYRL8zg1LmP,323247340,8sLbNZoA1cfnvMJLPfp98ZLAnFSYCFApfJKMbiXNLwxj
42JdjtVMXRXjT2h3RiMuGNzVm7AESmrK4NVrWhesakNu5b2ejXNvh91KrFSc2ZY6HYZ3sh31nW8GrjBAgLNs7zaW,323247340,8sLbNZoA1cfnvMJLPfp98ZLAnFSYCFApfJKMbiXNLwxj
2qxL4pATAcuqRhdRqEW7GDpynGDtmTSh3SRBXZuVqnHkQS4nnn3rnDSYV7H3RW6xktoY384METYirzCzpUFH1tDa,323247340,8sLbNZoA1cfnvMJLPfp98ZLAnFSYCFApfJKMbiXNLwxj
2cjdpKFUv31vQvtjtqHFHbKM3Bhr8y76HrDiuoYc7qVLQcvRVoFrccq9HDCeBHNyQuRsQZGAZMgMQjAbQNi7tC8i,323247338,8sLbNZoA1cfnvMJLPfp98ZLAnFSYCFApfJKMbiXNLwxj
2J2m9ZqT3fnKz92u4ukbTJRpxFxzHi9pJ9GBPToLahyt6NDaE91K5qpkqujxBPZL88UiF7v2Y7a7c1SWU3HfLTmM,323247337,8sLbNZoA1cfnvMJLPfp98ZLAnFSYCFApfJKMbiXNLwxj
4xQ6ux5Zz5zBT2DV4frR727tX2ZQ9jTRABtiPQPwk87BbcniwNkkKzDWMeLLDVdQRbBPaXPipmUwC59qdn9Hp5XS,323247337,8sLbNZoA1cfnvMJLPfp98ZLAnFSYCFApfJKMbiXNLwxj
ewhGevBUz9eYbtaKeJqsMAgfY2iP5sx6N1GLBRaaFvB3B61HLGHWCCDd2sauAw5EQJmmZC1njYSZT4XLBJ1Xvrh,323247337,8sLbNZoA1cfnvMJLPfp98ZLAnFSYCFApfJKMbiXNLwxj
34rg6iAiiMocytQeNB8rDDpVVh95zyVMJrRrKYpbQLA1FtgcsmGb1zhvjk4Xj7VYJYgsbHf3BdDrwDEq1TAYFKAu,323247337,8sLbNZoA1cfnvMJLPfp98ZLAnFSYCFApfJKMbiXNLwxj
3Cei3Z5s7fiKPgV2JRWQ3fMZ2V38YfjH36Vh6scVpSerjmArwtcH2nMvH6VXMEqTFuNvBQsg7wwcoYJpSGZVYS8U,323247337,8sLbNZoA1cfnvMJLPfp98ZLAnFSYCFApfJKMbiXNLwxj
LZfTyE3X9Gx2mPx1ZqeRZH19KDDjbwCKNmxNGdVmKLzooWoT31Qt6QPFoC1GHczRTzdohH7Nb5DaGtPpfEcPUVV,323247337,8sLbNZoA1cfnvMJLPfp98ZLAnFSYCFApfJKMbiXNLwxj
5wvS6YYmWQ6YWkyqckqtFDbNwt5nFEKaMcX89UjzZYKrqLigCz1XFMjkJF1cq8pctGLyD3X7mTdZwsj3D89SGdwU,323247336,8sLbNZoA1cfnvMJLPfp98ZLAnFSYCFApfJKMbiXNLwxj
3QAxVTb6VYBWKtkdCgFeuu7XT6zaQopp7W7jGZH4KK1tXNSmsteVhu3i8ySu29Y4r2uonwgeQcApg8XqZeDFZDb9,323247336,8sLbNZoA1cfnvMJLPfp98ZLAnFSYCFApfJKMbiXNLwxj
2kt6umSSsd5s5fV6RezpW8crvL7vYi8eMTeZn78esCvz3j1XvuLKnnA1adzgsoQTHbAJfYrL8Qjg7yBjoippHbdA,323247335,8sLbNZoA1cfnvMJLPfp98ZLAnFSYCFApfJKMbiXNLwxj
xnpWgh7gcmFq7gTPei7mPjXXJirkDADAiMPaVDw5jfC2LUqMvuddHTQfaGqC7E6pM1Qw7AX1GzDq5tP4HUN9RWZ,323247335,8sLbNZoA1cfnvMJLPfp98ZLAnFSYCFApfJKMbiXNLwxj
38tWsNhVRBmFEmeJDoiYpQHzqPsrnfzrDzG9LuEKFYmKJJaWphLMEjRi4jx3B4dXHWvc9HzyCwNkBTesFKmxdrAD,323247334,8sLbNZoA1cfnvMJLPfp98ZLAnFSYCFApfJKMbiXNLwxj
44mJAxf6VrMf6Mfg9qfA7yyGtcJPTb6UKRmEia3jn3X8q3U9ZkbQUoXHZcRES5jCALvMJgfj7Qibw9q4EBqvagYH,323247334,8sLbNZoA1cfnvMJLPfp98ZLAnFSYCFApfJKMbiXNLwxj
4AoSUoB4R5G6sevhPUSfAmjc6KCyTyqCr9pnaz88hLY7CLFvW66KuoQdoqB5w4TJRsaqQRFzVnvLL9bvtF9N2aXf,323247333,8sLbNZoA1cfnvMJLPfp98ZLAnFSYCFApfJKMbiXNLwxj
4M3phwvWqDSmHu8FTh4LdrXbHZaKiEKXaczWJgYHdC1MNxxNXMm5XyZ1zQnzNyUAehWZY6UgeGD6dwxci1AwvyiT,323247333,8sLbNZoA1cfnvMJLPfp98ZLAnFSYCFApfJKMbiXNLwxj
1Favoj5XFSgK21dKF5aHCD6peuT9h3bUniH9QfhZtHh1BNf3SE4mfqdrdX1HpoHesyScr6sgP3DypRWeUYYLVCD,323247333,8sLbNZoA1cfnvMJLPfp98ZLAnFSYCFApfJKMbiXNLwxj
2aJ5ZiEody4svgAFBekMKNMa8aJcbmoi6ebBdSuBGAsZjFTDVXXevX3pBjmTRHYZ4tLfKaTucHMLcsJLMhA9Kdqo,323247333,8sLbNZoA1cfnvMJLPfp98ZLAnFSYCFApfJKMbiXNLwxj
CLg9gb5kKqCVH97M4TRk9njfUPXqmT3GMbQyLomCVGQ9iwK5SY3wZNQUgTpzmVJPEmP8iUG3B7iDw4GGcFAEfPS,323247333,8sLbNZoA1cfnvMJLPfp98ZLAnFSYCFApfJKMbiXNLwxj
3fsUuZmXCiSxmWRie1RSbXzBLtUBk7jk5WUy46LdaS3Ccr1EsMCfU8KTrPGCzPtM48CTyMa8mdH6GAVY9UCynDYe,323247332,8sLbNZoA1cfnvMJLPfp98ZLAnFSYCFApfJKMbiXNLwxj
cJJhVr7Aiuc3aAeFXiDK6eU8jk8eqciPPJzAGp93gHnGQVappJjVN5QnBFeVF3gQDkB38vP8EudoWLZTqdKFt16,323247332,8sLbNZoA1cfnvMJLPfp98ZLAnFSYCFApfJKMbiXNLwxj
L5vEs8Mr1EGsnto2VaJAT8yEe1YJEJCRvKtWUdSGxqKLNjRJFuUsyzJrkzoxVKKxKY391PESiP45X1BCutfvffJ,323247331,8sLbNZoA1cfnvMJLPfp98ZLAnFSYCFApfJKMbiXNLwxj
V8qJJASvBfgHobSfGK49CTaNKMo5BkynuvAm1AtbBy618CKyHpFBaDwNrQpigtMnVqVfi2LbrKLMX8orkHacaok,323247331,8sLbNZoA1cfnvMJLPfp98ZLAnFSYCFApfJKMbiXNLwxj
56oiYdWX64HudRNEG2a7meowJookyoNySFjFYHZKo1kjzpWwUzmNKA6NLcbaShBnThXjih19LGqvXYge69YNto2n,323247331,8sLbNZoA1cfnvMJLPfp98ZLAnFSYCFApfJKMbiXNLwxj
4DmtTG3RRsJFuHKKPf3uwgro1SF5LaosPprwfB4G9JKhiemqQPG4btehUTJQ5x1fs5SxosgPz6EmXP6dANJxMHps,323247331,8sLbNZoA1cfnvMJLPfp98ZLAnFSYCFApfJKMbiXNLwxj
2mYTMoCc6B6cdd8p4iCAtKSdBVqCfqTLkwqAdXe3vX869R9wJF9dUZ1pYh7trKkR1qFPAAPMfjfZQed1oiFopVke,323247330,8sLbNZoA1cfnvMJLPfp98ZLAnFSYCFApfJKMbiXNLwxj
5DNFCwLgThEscuYoDKBkFzyYqRm1zWkLUPvqXnAeMJUmYtWQdAKxPdU2kKKPtN2CuUHFdzZS7EiGnUvg7TknUovc,323247329,8sLbNZoA1cfnvMJLPfp98ZLAnFSYCFApfJKMbiXNLwxj
5JDop3GW5s4UuPUdhzXirE5ZeU7D7tSNxxfHuLuMDgXLbGFhDyMvNBcekzSgKgp4JGM8RdSrN7DcVAGPBCw7ryez,323247329,8sLbNZoA1cfnvMJLPfp98ZLAnFSYCFApfJKMbiXNLwxj
3zqbExphSUsSAaSDHpmBY9WfPpi4W6qJ2JnwGGbgGguMW8v1TB63qXLysfXYzGfirk55cqhAjiQLnBoFx6rvyLks,323247329,8sLbNZoA1cfnvMJLPfp98ZLAnFSYCFApfJKMbiXNLwxj
4UiEZk7u61c1WZTCiSjRUxcrQF4YDT3AvqJJ2bph8mKqrsUu6vQCBuN9eEMgQAzv24r7X3wBJDU1Zj9c3VkdYxQQ,323247328,8sLbNZoA1cfnvMJLPfp98ZLAnFSYCFApfJKMbiXNLwxj
jaHcjze8tHSPzU1Gsh3fimzXuS1j8B8TxZ3GivducsVcxSajQzSh7UL8haSrcHezVfk3e175B4iXvY1qafA31vd,323247327,8sLbNZoA1cfnvMJLPfp98ZLAnFSYCFApfJKMbiXNLwxj
uNk7ge88bGBTp5zK3vtWs74hdvSGsQS7FFsaqxcPKios5Eoac4QKv2TEFRbFAftJRfVFwAKqK6w6fazfzhdaZgD,323247327,8sLbNZoA1cfnvMJLPfp98ZLAnFSYCFApfJKMbiXNLwxj
3Mq8EJFuNE5Fb7Rqa6LDeKk1ggzyMm8HkXxQvXXAFGmjeApZzRhXbAwofp1stxt4PhXWdanK6VniT24hpnyWj6G,323247327,8sLbNZoA1cfnvMJLPfp98ZLAnFSYCFApfJKMbiXNLwxj
yK3i6rQGf1GuA9JeztQMYir3V679thjiUCCADjUNmwrozmeSuHTUVDwirhJsARGJzpEJQ53sXqXPiP4qVo6KQ4z,323247326,8sLbNZoA1cfnvMJLPfp98ZLAnFSYCFApfJKMbiXNLwxj
5KP3cxjmwrxCkHAbNTKJ5qiVrzFjM6w1T81LgtbE6meeZ8AumYh64jdcmyW96tek9yhzC3qexcJP386KVTvvCkUy,323247326,8sLbNZoA1cfnvMJLPfp98ZLAnFSYCFApfJKMbiXNLwxj
3WvEPdpQ3jPACr8udmqEQ75hP7smmJDQCeNTasnL5rzRfcie5xWnPHJztjFJjxwcsPcieFUnbQttuvPzFWBTzhFz,323247326,8sLbNZoA1cfnvMJLPfp98ZLAnFSYCFApfJKMbiXNLwxj
2YobNHow6zKDTo5W77xFrhiJZBrtsUAqaDbad4AG1M1T6EsmPDD2yh4wMKhhSbLuDSwfXVhHHiGkgu5qmAjB5Xzi,323247325,8sLbNZoA1cfnvMJLPfp98ZLAnFSYCFApfJKMbiXNLwxj
61iRt6RidWvxxV5pmv8Hfs2HKujaPPB1rhvYXWhhRScd3pKo25fjYF7tnZaqtnbPNaExDCSsvtr6HBojK8G32NH7,323247325,8sLbNZoA1cfnvMJLPfp98ZLAnFSYCFApfJKMbiXNLwxj
zkUe7W3BtCTSDCok9vzQ3MY5LLsSUr6ih5UhfC6Q8UQ7vaX6AE4wughdFymBT2JdjVAt3dB3hkLTpCNoJrTcQ4c,323247325,8sLbNZoA1cfnvMJLPfp98ZLAnFSYCFApfJKMbiXNLwxj
2EUBYA4VGHwnsJ3mjCnoovFBx27zjrFGoBofFxMfswUGS3tKGvt3UzznTAfZFCtrZgVYzggMmZ8TFZ56soQSunzt,323247324,8sLbNZoA1cfnvMJLPfp98ZLAnFSYCFApfJKMbiXNLwxj
WhqvVpcEpmCb5L69t8m6MBKkEX5bgtFbcfq5rjWF9iw7UmZrU3bFo92ndaNjEPx8HArDCZKUeYg2pFbnnyKhhFc,323247323,8sLbNZoA1cfnvMJLPfp98ZLAnFSYCFApfJKMbiXNLwxj
2rGWfamQySSWCV7RtpqPc7XN7vWiWq9LnLaTjKJF54sBJ2BcNFTRmixeM9vu1s4ABVYfJ1GL2chSmgSKgKBfdQMB,323247323,8sLbNZoA1cfnvMJLPfp98ZLAnFSYCFApfJKMbiXNLwxj
61LkaJJ917zkFCUCXn76e7y25SNR5HwXAUcJLdBX94nk8QfTQaD8swXmK4Y9U6wHb3WpqprYeNm6DyW8cik5mnXa,323247323,8sLbNZoA1cfnvMJLPfp98ZLAnFSYCFApfJKMbiXNLwxj
2YiJzTy2u2STemzapiu5cDgqgYZg5wvVV9WQZS7LBCDmD8KqLnGjFwdgW8vhA18VuNL8LrDz2mCFkHdv1j3jhMGr,323247323,8sLbNZoA1cfnvMJLPfp98ZLAnFSYCFApfJKMbiXNLwxj
3M84U61cAwFooMQM7fWjVMyXwCwjKxy2kw11cdVoQZpKYrhsfnctRg9BRT9L7kA3CKisBKBhgTQfLgyr8Jn3zhoS,323247322,8sLbNZoA1cfnvMJLPfp98ZLAnFSYCFApfJKMbiXNLwxj
VwDxepsE8PTcwdFheGQehJGyTny215hzABg54wsgnn7xnb8WRVBtkbpRnXfSndnv6MXsxEmGPJv6yP1kviMCHeC,323247322,8sLbNZoA1cfnvMJLPfp98ZLAnFSYCFApfJKMbiXNLwxj
437oEKwA9gBr68oFW4xfYmVQnuMumzzHxaJiZfVr9Qm4Qu2FMhwYc2jxEviLURNwef4DaHdL6iyNGAP3RL7mr44D,323247321,8sLbNZoA1cfnvMJLPfp98ZLAnFSYCFApfJKMbiXNLwxj
4KdcWEuHwpe7qbBt8e49QG8uRfWZcgbn9ZfJELKweHU8Y7Tzwwm6HdzFxFh4miZBVPFNLL5R2q5qjNS6YTUWoGPE,323247321,8sLbNZoA1cfnvMJLPfp98ZLAnFSYCFApfJKMbiXNLwxj
4R7zR6kp2PG14xWyG4as1TqiDa9BxPo47pzHMowZNMEJHjN9koTAf8NS28aBrFCtSfatKRxKZvMvhyaHxZZQELeA,323247320,8sLbNZoA1cfnvMJLPfp98ZLAnFSYCFApfJKMbiXNLwxj
5wayDvbCuvNmdefJSpR25ZML9AV9ZzV1Rokvs8EqAevf1k5HhKZSdBArp7hRLyBpjTN9H1Rx6yc4kiHs3svxWCDf,323247320,8sLbNZoA1cfnvMJLPfp98ZLAnFSYCFApfJKMbiXNLwxj
37ZcqrFYN5Zov6Mt9kBBErruFxJidBcoJ7Uh56PVg9USy7kZTeNJF23eremC67pHa9zaCy82M4RCZ1Q1cSt5JpNi,323247319,8sLbNZoA1cfnvMJLPfp98ZLAnFSYCFApfJKMbiXNLwxj
3AHxaJB2WXNERwdUWe2GKdVUsx5CgqsZotmNyhLKgELiVRASx8mnr4F8fQqff3w2WRBY9q4kwkTRPMEQa6i8akP5,323247319,8sLbNZoA1cfnvMJLPfp98ZLAnFSYCFApfJKMbiXNLwxj
29uDtWpz58LGnTs2SmGt3bq2TkMogJR9xKNDkRervVWLS1gJrsV6xBqY8uJsA9otAdxzxH7oU8Qqvj9jv7rBEkHF,323247318,8sLbNZoA1cfnvMJLPfp98ZLAnFSYCFApfJKMbiXNLwxj
kuj5XufnQnQSZqR2B5fsxuT7m7FNrnLeXmk9fvcRpaL5zUgGvsqPNzAGeXfNZ35misXd9aqdmEaEVff1RKJxVKa,323247318,8sLbNZoA1cfnvMJLPfp98ZLAnFSYCFApfJKMbiXNLwxj
4uM8rVQT3mngtCoNkEdUS28AGCyD6LHMJmmo8NTRX4AK74DU4aeMuKMUAAvtDG6t2RA7W3SCDUi5dVPGqbXMeRZf,323247318,8sLbNZoA1cfnvMJLPfp98ZLAnFSYCFApfJKMbiXNLwxj
tMJ2wvMX8pdYFrPr93CvdpPH5vSC7tX2AB31ziiudJydc6QY5K71FomZb5bXebGiFNtraVp36dDMzzkbyqGwLqX,323247318,8sLbNZoA1cfnvMJLPfp98ZLAnFSYCFApfJKMbiXNLwxj
42bW2KqDRDMEVnYqi9BMiw7i1njNu3TcYgUFVvUSeXUX4oK6NAPbsgw6tdXbju1iqmYCPJE6RRnPFjuyGroqyQaD,323247317,8sLbNZoA1cfnvMJLPfp98ZLAnFSYCFApfJKMbiXNLwxj
25dT7svqsePN1zXnjDAmGHz7j3P8MfC4efZyubreTqzNHAsjbRh47ZT76PQDigr5EixpoqU3j8MsbhKGC3X12vHA,323247317,8sLbNZoA1cfnvMJLPfp98ZLAnFSYCFApfJKMbiXNLwxj
47qkiWa6BBhgiDiiJ3kbmLi1wA2RFjPnveyiZeZmv36sQeXYegmUfMuk6yYBrWcqdKRGTC15UwmUmY95m2JJom8T,323247316,8sLbNZoA1cfnvMJLPfp98ZLAnFSYCFApfJKMbiXNLwxj
3qAd6v4VLyfSygHp4KMdCFYnVgXTYp86CmkPheYnDuEAqBzkkrkKP4Pwd9MjBfV4bB47aM5pfJf81cFpkLWuBy5E,323247316,8sLbNZoA1cfnvMJLPfp98ZLAnFSYCFApfJKMbiXNLwxj
328j61HeMwG4Cxb8zhjFffdpiJeZ32oJnd1mcaJm7rhXkiYrE8uKB4zS66vTQPW3msE1dLeE76vFDUi6jzEGejzU,323247315,8sLbNZoA1cfnvMJLPfp98ZLAnFSYCFApfJKMbiXNLwxj
2vkzTtZyYZXdhAWmoFhJoN8guQgFQQCWZt4MA3vdZUiR42FyZBnKAr6EjjD8eGAar4mhR9t6GD2iY5uU7UvMdhHF,323247314,8sLbNZoA1cfnvMJLPfp98ZLAnFSYCFApfJKMbiXNLwxj
2da7mNR4bZigARead4N5unnkaFWVfwUL16HS4PaTdvxJU2X6swV8BqQZhVS91RVuk42nbXxp6sM7A9Ncy6nd75T2,323247309,8sLbNZoA1cfnvMJLPfp98ZLAnFSYCFApfJKMbiXNLwxj
6H1QncwT4bR5h2vrGnebERQAtpegzJ5zrkLCntEwMyN82ms7S2retoiWNSugCSYtDjEKTNrPM2JDUVnXdoYDDbP,323247309,8sLbNZoA1cfnvMJLPfp98ZLAnFSYCFApfJKMbiXNLwxj
5LRZtebWhgsJvfahaJzYxJ9D4DzF4K5CyNjSGWjVYmmQJyPouWnyEuhekQrh3kmmj6CPjzFrmexNvg73H7BcLha2,323247309,8sLbNZoA1cfnvMJLPfp98ZLAnFSYCFApfJKMbiXNLwxj
4Z7cD5w8H98VpJgXVoLpUWWhGXASAFuN7DERzsdjHRF6u34nqTKSexSkMm6pUvpLSLaMd8zwU6tmJuofhBceH9HL,323247309,8sLbNZoA1cfnvMJLPfp98ZLAnFSYCFApfJKMbiXNLwxj
uxxxU9NqrXwphLQCGouWyf5XQES7L6ESzRdiwmbNa9Emi2vuvHjsPSW95DfpXbT63CjuN9Up7os6zF1Ch8tHkLV,323247309,8sLbNZoA1cfnvMJLPfp98ZLAnFSYCFApfJKMbiXNLwxj
eyFt6rV9CA37E7fnFpr4AwQ9RuyyKGUCUq33ZRtFqeyrqtvcw7X3ED7kxag4v8NCKPCLfPBXTJXPev4nWiqA4NH,323247308,8sLbNZoA1cfnvMJLPfp98ZLAnFSYCFApfJKMbiXNLwxj
wFMQ1LLkDkEggiZHymK1mopEHWT8C78vFjKu7aGqxC4eUEHWrT1F8VJ39xmmrWhpjyERz8vToiy1RjMkZo74YaQ,323247308,8sLbNZoA1cfnvMJLPfp98ZLAnFSYCFApfJKMbiXNLwxj
5tbL5ReAWrNrtJ2odZQqUNoCrkdQmvQgCNVYWcWjsBCFkfZGb2xpRgPrNSJ4H6DXoQgU4VVS53h1S4zrpjDYbF6u,323247307,8sLbNZoA1cfnvMJLPfp98ZLAnFSYCFApfJKMbiXNLwxj
2uKFSHyPC2CHwG5VvQwqWKiBovYeCRQbhQDhTwJifEggmTAmx3bxT8smLMEZAbTeujLMVdfeag4rM3vYCW6NX9PJ,323247306,8sLbNZoA1cfnvMJLPfp98ZLAnFSYCFApfJKMbiXNLwxj
2UXrpcaY3EbWtA2dhyogNPoeGaf7qZnQQ1LeRi1aiHnC2Bpgn1rXgz369sMeKkGmWFKCT11f85BUMDmM13DGrWZS,323247305,8sLbNZoA1cfnvMJLPfp98ZLAnFSYCFApfJKMbiXNLwxj
3F5WBW4jqQDm94NLVAqxiX5iZt4NAAmHMDQEmPHpAhZGzZaA1sZtqdo242xJcWdPDfozEfmkiqQhZVGLGFYaNsQL,323247305,8sLbNZoA1cfnvMJLPfp98ZLAnFSYCFApfJKMbiXNLwxj
2d8rtCHY8LCgFsEHP75ZiyCGrBLU8YM3kdLxugs43cVvFAvKs641Gsrr2ZaxV1PxnkTFj6nWbd1JG3xWRsWzkuuE,323247304,8sLbNZoA1cfnvMJLPfp98ZLAnFSYCFApfJKMbiXNLwxj
4ApBeYTEd2dmkhBNX8F5aFyEEy9hkW3Qt69SLByGw7XyYk5RY72iBoGcKgvFv2rRQ9iCRwZ7y9qmaudxbgcMvfec,323247304,8sLbNZoA1cfnvMJLPfp98ZLAnFSYCFApfJKMbiXNLwxj
2QLsAAcfHWfi9LWvaw85GCKTchg1oAW1kpaCA7fyER99mPkyaCLemMRq3hSh87dnaEdzWDVGH3WcmqUH2wjrW6Bu,323247302,8sLbNZoA1cfnvMJLPfp98ZLAnFSYCFApfJKMbiXNLwxj
5j4AregtZ1ST6vnXvpMhrqhmQhmRbx4mec5KieeUKWgm4ysva8xMbx33dvsY4Zi78vNWauMky5vpNrtyDmVmqTov,323247299,8sLbNZoA1cfnvMJLPfp98ZLAnFSYCFApfJKMbiXNLwxj
5VuMDDzE1nGeZk78qJJELAR1HAkJnuDV3XtNraBa12uhXutcSXzDjk3ngsSBiQHZeh6zvRnUwqohkddHmUbYjz3D,323247299,8sLbNZoA1cfnvMJLPfp98ZLAnFSYCFApfJKMbiXNLwxj
5bSjpzGQvqbTfqU4nZmqu6heuFCa62sr1hdLThjz2iofFTWuRKavB8G1aTm9S3KEbz4B4MZZfnkyTWZqpBVruh8f,323247298,8sLbNZoA1cfnvMJLPfp98ZLAnFSYCFApfJKMbiXNLwxj
2U7iXs9UiS3tVvhW3uYEErYEfTouhSB71Dw9cq8VnLT5GhLNbw7WBCGNrTddjdGd9bshEJqqwM4wWdAvrTMJciUW,323247298,8sLbNZoA1cfnvMJLPfp98ZLAnFSYCFApfJKMbiXNLwxj
3Z2nQh1Ro59yY1hCzHUdSVghATedXtuAhdukbMf1QmywMuM3dJgcopmZCeg3Sgzu5Az7sMsjXmXzrZAPFNH3wkEz,323247298,8sLbNZoA1cfnvMJLPfp98ZLAnFSYCFApfJKMbiXNLwxj
3yUh14c9QyiRF93fijvcV1hAWTKRC2LQYhSN6oVN9RJeNwsxQKr5CfnqjadyVWsFSfjt6f1rogRPEjDsk4daey3S,323247298,8sLbNZoA1cfnvMJLPfp98ZLAnFSYCFApfJKMbiXNLwxj
2TQ8s7JamqKDdXnQZdKn1WYKMWMaWtnuVDJU3ub2pXWzBJeNxwAZgBZzX6smPQCF6tchpr4KzzTHiMfGSHiPJka,323247298,8sLbNZoA1cfnvMJLPfp98ZLAnFSYCFApfJKMbiXNLwxj
jfb8tDAekBfbu5b9nKV4Ey3pNKdc6r4q8iFQRMzgjFWmZCtRny5Pmm5gBsj5K6Nfaa8Jv5epSU7Shzguyi5cwmX,323247298,8sLbNZoA1cfnvMJLPfp98ZLAnFSYCFApfJKMbiXNLwxj
3cnsR31quu4pdEw2BMtPtiQTVPbucr2fat6TigXe2SYbVKNg2MfKYLxiwCVFgKooYomin6UM2wpoUoNPiWLw2cNp,323247298,8sLbNZoA1cfnvMJLPfp98ZLAnFSYCFApfJKMbiXNLwxj
2JnvGuft5Wi5jwPkaK6Rxxtt1xnYPvMEng5jmqxPmCQTUmzDCKj1s4TpzNcDASBzTPqDMdAmRG5kXg8AnkneNSaE,323247298,8sLbNZoA1cfnvMJLPfp98ZLAnFSYCFApfJKMbiXNLwxj
5Laq9VmVrvcU1duh9fTXuxw42U5by7T2ivDXzDSt626j9bw6evj4fw3pxtDM9EMohzPU4QYrJ13QyjU94veu7aBL,323247296,8sLbNZoA1cfnvMJLPfp98ZLAnFSYCFApfJKMbiXNLwxj
2bvrJR1ygwAEcLWseAngP79Fv6cyM2jmtkvZJdDq4epLgk9pdDN2fNEC1mtWqFhksfjk3J3a9B4rbyPfF8T36xwp,323247296,8sLbNZoA1cfnvMJLPfp98ZLAnFSYCFApfJKMbiXNLwxj
5N9seXLL7PzH7nefozoMUMCpJAsC8q33isZhUv1RexBNqDMSUrctE2C9c6RfoyXvE3Ts7yyr5hH45ERNDKtLTyVm,323247296,8sLbNZoA1cfnvMJLPfp98ZLAnFSYCFApfJKMbiXNLwxj
r9wuYLu4Rmjx2NTFB7RGmJtiZCRsVNve5TErXNUMtALcjuUQmJsqEAMo1TXBNxy7wDuFPJs9sPiVvt9KcqsGnsc,323247295,8sLbNZoA1cfnvMJLPfp98ZLAnFSYCFApfJKMbiXNLwxj
4NuCGAhhtoa4H1gYoQegN4ffPBmFX66CS2JEZ6ksFfvBeAZJ1pcDau5sHeSjMN7Rxb1h9pkkKD358ZAWdHj4d4GY,323247294,8sLbNZoA1cfnvMJLPfp98ZLAnFSYCFApfJKMbiXNLwxj
ayUorbiR5cQgxUv2bY6AZQz93QbNj3px4Dv5mSN64G1fXyDnKzgEE7JoLs1rM1SZ5ipJV8vcRfKyQHgJhw3hiag,323247292,8sLbNZoA1cfnvMJLPfp98ZLAnFSYCFApfJKMbiXNLwxj
2mN7BYpkDYhwni4TU56387ML5AjzSeECdXU7zKa94VwZjBfPff3dfMZueq84e5zBZxUB7m6sjmtsRe7VfENHG1L4,323247292,8sLbNZoA1cfnvMJLPfp98ZLAnFSYCFApfJKMbiXNLwxj
w4cRnymHbe7mXPzJDDe9LPoUzjPRxqw5LSA53Z7k49bakkfnupcvkg4zFxkde6ns5vpHcifFV1JcZdpH8WZsuzP,323247292,8sLbNZoA1cfnvMJLPfp98ZLAnFSYCFApfJKMbiXNLwxj
2ziPHrUhyWPDTn7NfqyLAYLi7iryCo5c3ircdntb2wpYaKZWsbFea1d4zLUgkUmYmB6YbBRQG4fbbJ6GnG9jmRDk,323247291,8sLbNZoA1cfnvMJLPfp98ZLAnFSYCFApfJKMbiXNLwxj
2qe1p8ocPkCvmePzArFpwboJgHt9XdiWbYuHZ7R5rNberCQMTyxexMKuXSrj6v64QvRW92FPwyib7KrerGxdvaF9,323247291,8sLbNZoA1cfnvMJLPfp98ZLAnFSYCFApfJKMbiXNLwxj
2AgPtNf4cYJrDXycGVQ3hDCas25LoE6faBu3RSL2yi9KSBNzXRmVx9Z394SAPP21vf3mz3hMU2newaJtmaDHYwDY,323247291,8sLbNZoA1cfnvMJLPfp98ZLAnFSYCFApfJKMbiXNLwxj
3KsiFncnxPTQgmc5P6W1zpAtyfSsHCSaQP2wb4Pru2gFaeSBoyKNvQMy6efdWYwiK9ZVodG4SPXkXTEDfNu27ZN1,323247291,8sLbNZoA1cfnvMJLPfp98ZLAnFSYCFApfJKMbiXNLwxj
3QysXE6aebbETLP95rt1WAJ8A1db4KvCjS3E4zHgcnv28K6ocbUnXERJRuMxqfYF4bTKuKmewnuygHoDWQmvrU7p,323247291,8sLbNZoA1cfnvMJLPfp98ZLAnFSYCFApfJKMbiXNLwxj
5NfkkbMtfxhQ2d3mHjgYqgLc5EMDTVKpypCaibr2kyYMAmREGS9VfifTW1euQ4yCwCzSj38xqpJ42AkjqDErj6CK,323247291,8sLbNZoA1cfnvMJLPfp98ZLAnFSYCFApfJKMbiXNLwxj
3rF796pTL2CPGh7ZkAfpFa8jNGdeTDpwsbrpMvasR4YPrYqesHckPvpHTbCwUQmiuPXneTSj6WPa5GMBWW4oyyqG,323247290,8sLbNZoA1cfnvMJLPfp98ZLAnFSYCFApfJKMbiXNLwxj
wbavwoiQpnYv1wnByXb7SGvUJV1KciijnHFz4Ln6qKrQ3vGXS1nc8Qk1gdTU5DiZzau3Et5My6HjjXD8Sjix6hb,323247290,8sLbNZoA1cfnvMJLPfp98ZLAnFSYCFApfJKMbiXNLwxj
3EBtfQMSU8FjosQzm2MMU3puAgvTaTebF22X6QPD3gCkdyTtK6peDEzp9enjiY6tQ9z8NbC7KMHq7kSF6M8KmrZA,323247290,8sLbNZoA1cfnvMJLPfp98ZLAnFSYCFApfJKMbiXNLwxj
2gyUeFrtKDByDTwHQdXMjwwce1BeabFNbxh7poJRD3bTY15cFFoqHji1ceg9jgboRtjgg6HBj8UgTrLiB2i8ZY2U,323247289,8sLbNZoA1cfnvMJLPfp98ZLAnFSYCFApfJKMbiXNLwxj
3U5tfv7Wo6SvGkTa5MUyncNnYNnUN6fdUfaZzpq8GpCNfstPgnzNyU13BdsCarZuGojHH5xWuwpjjv22wMQf8Bfq,323247289,8sLbNZoA1cfnvMJLPfp98ZLAnFSYCFApfJKMbiXNLwxj
3guPHcrSgH5Zv4rAAJtCG69xJWM2nXR6jYFgZVpDwH2K34SfpVNUJF6Yb6p7vXWUU62DrTsErGTejBuHhrGfUXeu,323247289,8sLbNZoA1cfnvMJLPfp98ZLAnFSYCFApfJKMbiXNLwxj
5Yyoxbv824DYxPVBQ3VQdeVJ9g3aQ1wbyrK5x4kWrSHwRm5RqCjiAbTCD41waPZZJoPmJ1K46EHTthoaV6nd5cSz,323247288,8sLbNZoA1cfnvMJLPfp98ZLAnFSYCFApfJKMbiXNLwxj
3xetwkuxe1EGytpnN2J3bTTfw29RnT9oEq34yXYDiSVirK5W54eZASREP85dBXwFyK2HMg3wBeFaRYbBR8aUgN51,323247288,8sLbNZoA1cfnvMJLPfp98ZLAnFSYCFApfJKMbiXNLwxj
2sXRKJE9dPia1ejwTZX1joHy7YyxbgJxPA8JWG2j4XQsTcm4Bat84rEmWwfsVWEBL2VPTWCR5XouWU4kw79TZG8x,323247287,8sLbNZoA1cfnvMJLPfp98ZLAnFSYCFApfJKMbiXNLwxj
cJ7rpbR1gB3CsaJQK5RHUH88W9YKL9pfTNG1S1qazrTJ7Nfac2TLZYzFNVwBDSNvGYKWcjiKYyZ9N24rdnCq6GY,323247287,8sLbNZoA1cfnvMJLPfp98ZLAnFSYCFApfJKMbiXNLwxj
5epsSUzgKHMQN52Ar3AUMPuvR2UT9z86wgJf1Ny631BHnPixNdQMfYvcG8HfKvsNp2zsULh7aikoDp7k73pNVqMj,323247287,8sLbNZoA1cfnvMJLPfp98ZLAnFSYCFApfJKMbiXNLwxj
2YKjkwJDkRnNuwha2LkPqB6Ep8gKX4xirBSzwzhPniZyyosyntjn2im9sTumcaNcRRGH7HHqS6yRaJdHbrroUPm3,323247286,8sLbNZoA1cfnvMJLPfp98ZLAnFSYCFApfJKMbiXNLwxj
QcEdHhLxXmaJQinpeHk73wCvRK2ySKThq4ZNBHG6bvdsvWV9XLzkWuCdRpfFBKv8PRPNR7hjstuymoqcQjur4KU,323247286,8sLbNZoA1cfnvMJLPfp98ZLAnFSYCFApfJKMbiXNLwxj
5siCcrhCS67D6BVNHMmcWkcpnVx7ieA96mpv4U5XtqEHsx3mBTEhiDVGpetyD2REPxfyyWAfajTJB8YmHtTYFrER,323247284,8sLbNZoA1cfnvMJLPfp98ZLAnFSYCFApfJKMbiXNLwxj
2c6XYQvrkXsSZGqd7a6TGDJ2d4nhWriMpNdsSTpdiurro8E1HAC9zJQ1eNiDs6jQxeSsUziskiuePQqZqGVArPsg,323247283,8sLbNZoA1cfnvMJLPfp98ZLAnFSYCFApfJKMbiXNLwxj
2b3wgiHQYZN47E56MBMZJ4BWLeq4Q5zipwJ6www9LpVFwQovYyCmv3rNixMUz7Gd9Vjtf1Z5EkRmxxWLiM9yxS54,323247283,8sLbNZoA1cfnvMJLPfp98ZLAnFSYCFApfJKMbiXNLwxj
2RpRvdAoYBXbsGbntD1so4JkY1eqCG7X51nNdk5Atvp9R1RGSYGsxhtzEAwvssmoZYyLFs9TDYRed4dvHfDQCNh,323247277,8sLbNZoA1cfnvMJLPfp98ZLAnFSYCFApfJKMbiXNLwxj
3c7QRmUg4kpsFeFwUYCStu46SEMteXYrG2rx8vnwWJCUKEHe843JxzbovyRujwtRTt4LcoLyTVwo81LifATVJ7w9,323247277,8sLbNZoA1cfnvMJLPfp98ZLAnFSYCFApfJKMbiXNLwxj
3hnbVtR3M6FBDsC5b6usMmNvFV3LzFyPnAsXZEAJj7sP1AsRd5SRcYoGph6xncr6bbyTcwLjx7ULBqcm8LpQrtU8,323247276,8sLbNZoA1cfnvMJLPfp98ZLAnFSYCFApfJKMbiXNLwxj
65vwS63AjpfYG44Qp5kkYKKCCivZZ7qN21UsoYwmSzS1s7zQcuW6oGBpA7xfvjzc9aQExMS2YgCkJfXXEqvxgqAJ,323247275,8sLbNZoA1cfnvMJLPfp98ZLAnFSYCFApfJKMbiXNLwxj
4XC3S9ow7hECdSsoXVjd2Tw2RRKZmK5AkFkC1k2RPeRaPVavSKSHQQ847tKCHZZAK1Kbbfgqfsx8kXZFHGHDra1y,323247274,8sLbNZoA1cfnvMJLPfp98ZLAnFSYCFApfJKMbiXNLwxj
3vzZXBBNvoogRk3YQTRHmVRPnrJPka9JWTZCBypxzyW1NtoEX2BMegJFaw3iA9UEYcUjgqF6tBp9sXLW5yWtx2TM,323247273,8sLbNZoA1cfnvMJLPfp98ZLAnFSYCFApfJKMbiXNLwxj
aD1hJPaG4KheTzFgpguHvPUqxhPQYxaHSzcTiXBmoJMdajWR27vibsvMtm6LmgtgS8JetdupvQYfzMzpyAo9hAT,323247272,8sLbNZoA1cfnvMJLPfp98ZLAnFSYCFApfJKMbiXNLwxj
5VdEs7jME7i1aoJKjqcJUGUnm5GziuzE3vXvnEFqFfvWvhzpptFQUzkD3g84iBprbyakByeRThMw9zySyiDZ6BA8,323247272,8sLbNZoA1cfnvMJLPfp98ZLAnFSYCFApfJKMbiXNLwxj
3tJJriuHzbtxRkPCEcTS2F3UEqbx4h1K2cdFF2g5oP2nSmEBSAwLtcccR3Gmc8PHTDm3rtNeRy3WPN2LdVei2wMD,323247272,8sLbNZoA1cfnvMJLPfp98ZLAnFSYCFApfJKMbiXNLwxj
62iEfAth7FxFTbymK6zVdkPPLahew1pUS6GYhkTmoRAB6iuf6G6ZwGccZ2u7XDJLoyHok6o2PF8x1sv9RwcfgtEF,323247271,8sLbNZoA1cfnvMJLPfp98ZLAnFSYCFApfJKMbiXNLwxj
4KDorxXsdt6bZJcer7iFCuYj6H2j6qvYfmR4bkUWpb4GfJaFEPqhVeSH6U6UuLuad7VRsHyRG7YWNMTUh6xYdNJA,323247271,8sLbNZoA1cfnvMJLPfp98ZLAnFSYCFApfJKMbiXNLwxj
2oYXdAh6C8Q21fFby7wZ1jApmpiC69nLDCBTFQbSeVbNPLBdjUTqFQFgmcA2mto4jdeEFJZAKweSNG9MUv93VKrc,323247264,8sLbNZoA1cfnvMJLPfp98ZLAnFSYCFApfJKMbiXNLwxj
AcWrTxtQU3kzY2SV8vfWu5jA6CMtExsztbvasQbdS68qzdaNvYtbajeEEkxztaM8S9JSTmExRKKfdsfUFwxepZt,323247263,8sLbNZoA1cfnvMJLPfp98ZLAnFSYCFApfJKMbiXNLwxj
4mtSQQBBPQxxhFh8yfNAzCgMUbu99sa1RZuMpY6p9rfsuUtHAPdPSRCukNz5hkp9diLMWpzLBvmTSJt3jjWJAeMy,323247262,8sLbNZoA1cfnvMJLPfp98ZLAnFSYCFApfJKMbiXNLwxj
2BqUQ8KGBD1NdD8AQG2eXaZXifvFvYLHLVdBTGVjjFeQuGtbpqHdUo4a7Sb2stu7j5aJY3EGvHZ6M3xie3UhapJ7,323247262,8sLbNZoA1cfnvMJLPfp98ZLAnFSYCFApfJKMbiXNLwxj
41Zxm9mCjWLa79uFV6o8ExwXJfBQT8R2Lp4keR96GZXnWgEqCw1egsoMkJxQxqCXECePpBB58mD463Ndq9XM2zDg,323247261,8sLbNZoA1cfnvMJLPfp98ZLAnFSYCFApfJKMbiXNLwxj
wghqJpxSMjPGSgMhgccG2k6qRVCPXZbUMrEoERYg4Usfxum5BZu8Aink9euUWkBo2kF17oYbRNP4sUoCwso9jpV,323247261,8sLbNZoA1cfnvMJLPfp98ZLAnFSYCFApfJKMbiXNLwxj
35De1b8Qe4S5eaTxHQRE3Cbqo7AjzhWVpBf92di5h9soDEVwGFqedzWnPQ5snww3df8SbtkjBWvcpuSzRcEHW939,323247261,8sLbNZoA1cfnvMJLPfp98ZLAnFSYCFApfJKMbiXNLwxj
4toYHLH8Zj6fFVrKjzmbUr3qkGZkePj1k6YVdZMYLvTz9XWUvVdrL7qeqpt8ikGytbTiQ51mYUK5np77RCA61xoq,323247260,8sLbNZoA1cfnvMJLPfp98ZLAnFSYCFApfJKMbiXNLwxj
5GdCVBXHwGBtM7DTF9QVdnUD86xrChkbsL5DeCgaxNPD2hXLui8rM4DZVCiuyAjVCuTkdKjFZ5j2PtqsaQdijNmu,323247260,8sLbNZoA1cfnvMJLPfp98ZLAnFSYCFApfJKMbiXNLwxj
64dQ59Sv1pazAouRHKXxW3gV4GsuAKDbpsWBWCjNJXcG4JCPHJkXAPoVFiwgyghC2uyvxMWnfY87rePBg4ZWevMw,323247260,8sLbNZoA1cfnvMJLPfp98ZLAnFSYCFApfJKMbiXNLwxj
24KKevcMcyn8Do54WtzS3KsBvttWQzzJqUNafPio5ygZtLoxFBn8vs2VvUszeN52f6r5r5xd2Sd8dQQFNDs4yMM8,323247259,8sLbNZoA1cfnvMJLPfp98ZLAnFSYCFApfJKMbiXNLwxj
2zZtV9q6a4uEenfw7a6cfpVNgyrMLvcpgjv37eY5XK3FFzMuPTBjHjDe8T3BCQyvFEAdX79PVwK7ayCPzmjE42bk,323247259,8sLbNZoA1cfnvMJLPfp98ZLAnFSYCFApfJKMbiXNLwxj
Cxb34imHWQ2nNGcnj73JU9xZtJ5XYZ5GCH62vWh4UCHjS9PJ2EXhJjPPDNCtLJbKgH7CKNDyMWPV4PZZtyvf8v5,323247259,8sLbNZoA1cfnvMJLPfp98ZLAnFSYCFApfJKMbiXNLwxj
5Vf2mR3bHAvG2yRg5rBcBCRgH5Upt7N8uJfu2mhKFNiTBV8YnN4QQGyg68gPStyEYj9Ucq1CENM9cGjLKnChHhw5,323247259,8sLbNZoA1cfnvMJLPfp98ZLAnFSYCFApfJKMbiXNLwxj
2pmKCgxKLuiyAZbwW3DWs3dD9fgtKk55Jo4YMYn3k6Fs9YZETR8iaYSC1fNyk7VibiY131myD1hVKdBzFs92s46U,323247258,8sLbNZoA1cfnvMJLPfp98ZLAnFSYCFApfJKMbiXNLwxj
5rrjgZ3srSXJXZYWTYkvN8RBuFnYrz49ni5Pjbqbe2C1M1vVPcRTZnSN5zs8sxxfURakWKrAQe53bC7eTd5NLuuk,323247257,8sLbNZoA1cfnvMJLPfp98ZLAnFSYCFApfJKMbiXNLwxj
3uXAyPfHWsuad3VAnMUTBQBn4CqcLAPc39pJpCDw53mNLoBemshd8WCY4iHan3wSR1tsHbQMP8M9CmYQiiMGebru,323247252,8sLbNZoA1cfnvMJLPfp98ZLAnFSYCFApfJKMbiXNLwxj
2LGfCBfxfLUWKdiu7bFA2BPxMgxAFL87b6naPfmqZ12oaUN4hfbCBrQboR2ybZdhyEBAjraYnJJnbhyqG7B12kof,323247248,8sLbNZoA1cfnvMJLPfp98ZLAnFSYCFApfJKMbiXNLwxj
skukpTs2W3KLRYxQt5xGjbJhFkPUUGpy9NbxvW8HVJfWKnATn79KcokeUAc8mZkgqGitmNHcgEArwm66ob1AYJn,323247248,8sLbNZoA1cfnvMJLPfp98ZLAnFSYCFApfJKMbiXNLwxj
49uSeMvoqyANngdrDgo4qtP1ErrkHqjTJ1X2Z3Bby7bPDxeNYrn6rUYXCuxH395WpdVRwGWPwi2o6Tqjvhw1YHHJ,323247247,8sLbNZoA1cfnvMJLPfp98ZLAnFSYCFApfJKMbiXNLwxj
48QM1UYG6D8Lqhh9UqhNPicGw439EPuL3ATQDLXNT4HfBKap7oytrAcpMRfH66M5Xue9tMYfmf9if9tnQ5hw2cTt,323247247,8sLbNZoA1cfnvMJLPfp98ZLAnFSYCFApfJKMbiXNLwxj
2ojubT5DENNpBmryjPApoyMsfCab9pbumn438LyctVJ7YJbVeXXUSfgQNwVWwWjhN79E3gX67iDN5RVhaEKEGf7s,323247247,8sLbNZoA1cfnvMJLPfp98ZLAnFSYCFApfJKMbiXNLwxj
3rCfQPXRB4aJTatNZ9WpoXxAxzPUzFokM6oxRaFnYVgXGq8BrKvW3Dy2A7y2k1aqYBaRTEQL53ynXbZEXqu7KziD,323247247,8sLbNZoA1cfnvMJLPfp98ZLAnFSYCFApfJKMbiXNLwxj
2RZC8FMk22HvGTLGAbNxQ81BjFLrhqBQYyJ2zEubmokhyHYKmkWz65dUVhxNc2TksyEtacWc1jjMya9jwN5f3JKa,323247246,8sLbNZoA1cfnvMJLPfp98ZLAnFSYCFApfJKMbiXNLwxj
2nrs4mdzw8CJDHrcWwqRXTuY6hguxKEGQ2y9VzNCgJjK5y1UYzmAvw7dG9zPSSA2FPTV9j3URHSJREZcno2J6ifo,323247246,8sLbNZoA1cfnvMJLPfp98ZLAnFSYCFApfJKMbiXNLwxj
5RcGLHsBqx4TNkiRqLBLrWkfAvmcH4c8rY99gWuKzxJMHKhURPZq4ajV6QcaHtvKaMpWDxspajuRWbwUDt1SxRtz,323247246,8sLbNZoA1cfnvMJLPfp98ZLAnFSYCFApfJKMbiXNLwxj
dign4zZRZyFugaiHkE3Da1AxEVNzJ7G3gKfFRBzxLZSki2A4yod1d9BJssu6WNW3DfMWPi2wKyGJwfPKxj3ooQ8,323247246,8sLbNZoA1cfnvMJLPfp98ZLAnFSYCFApfJKMbiXNLwxj
5cHwobmWLr9NQcopf1CjuRoecSWcLE4UJFP6YhXw5fQEuMThhshP935FaGFTD9QFqwrZmpyMdYWTtxVnWDCUHKkv,323247246,8sLbNZoA1cfnvMJLPfp98ZLAnFSYCFApfJKMbiXNLwxj
2p34SecBVt6tj1jTMmrK2WfNQWL4pLvZDs4a5eapPgY45dsPAL9mnpf4r3zvDfYjmAg3GMNQtegFRKXJVz7ybQm6,323247244,8sLbNZoA1cfnvMJLPfp98ZLAnFSYCFApfJKMbiXNLwxj
EHY7hoKXwRPChA6HeEqbnL2G7bjkWXoibUxfPPKCQbBGazrR61w7RgaACbiAiqZRdidygwA9sBXSC8n6uvTDkDd,323247244,8sLbNZoA1cfnvMJLPfp98ZLAnFSYCFApfJKMbiXNLwxj
22ALgLhzzMDMTEomG2qAhGKhsSxq5e175iW6uN92WpvdXxM5FaB7Xd16Yw4EctrnratT6XDuMRmYN55KdVdWjVUK,323247243,8sLbNZoA1cfnvMJLPfp98ZLAnFSYCFApfJKMbiXNLwxj
2kytoz1NLYfynntg1kbJv695uvF9Haafk9hr9PqRC7f3Qz1bJNbELAk3PhSNEJThtoqhEUibwjSnfX8nmdDY9qet,323247242,8sLbNZoA1cfnvMJLPfp98ZLAnFSYCFApfJKMbiXNLwxj
3cTunqXC8BjAcpVefg3JHtP3Kon9LzQitHmTbAyqcLU31i1QyHEu1UhKkHoU3m86mrBQv2EjbtuAmxjchMsex3W4,323247238,8sLbNZoA1cfnvMJLPfp98ZLAnFSYCFApfJKMbiXNLwxj
2Fn5w1EDFwdQjkG5pbePL3XvErkuwNTY7v3dYVUTKgg7oFd8hNg7U48zQpTQqzPVstUb6C3HRh67VN1xT1bsYUzV,323247236,8sLbNZoA1cfnvMJLPfp98ZLAnFSYCFApfJKMbiXNLwxj
tbmg59cZe1aida6gcfdd7nT7E1ChWgXZA6PVjsCKQ4bZWNkZjrhPRntpfeWEWG7c1CtUjyk68LGVubaqdKg3QyX,323247233,8sLbNZoA1cfnvMJLPfp98ZLAnFSYCFApfJKMbiXNLwxj
5tjXR5256phNT1Y9QEXKRPGp31JWaXG6Ke2AjK4uVX9pM7SAFHzY64mfsZA1KCTsmGNXsHfebjKVeihrv7WD9SQo,323247233,8sLbNZoA1cfnvMJLPfp98ZLAnFSYCFApfJKMbiXNLwxj
4egPxVvR55tVomPXybFdDSNTw77YPqYRp5fWcEFsYBmQHcc3ZF9zyerKesvnQKqhwSSvbp4kEhD3sFJrt4PLBPn,323247233,8sLbNZoA1cfnvMJLPfp98ZLAnFSYCFApfJKMbiXNLwxj
nhPND4PgZawfRbbZoW23herkdtGnTbnT5sG4CCKJCVHGik24iBVm4NkvWa5XPobAaF6C51TSjTVXxpji4bP8BH7,323247232,8sLbNZoA1cfnvMJLPfp98ZLAnFSYCFApfJKMbiXNLwxj
2xfvKuqwtd41iNYM7cdnws7i1xWqrUvLJoe8WaiAJ5C1jSxBvC5v6bdj8xeLWJP1oPBHnsvv96KMyZoCNhewkVFz,323247231,8sLbNZoA1cfnvMJLPfp98ZLAnFSYCFApfJKMbiXNLwxj
4xeUgZzLuJ5CR5xssqxRMKReFoYSagTtjfDE1jr8BveX1aU4y9P6zkdyKYZrPeSzBHhpGSU2kJ57VZmnEANzoMog,323247230,8sLbNZoA1cfnvMJLPfp98ZLAnFSYCFApfJKMbiXNLwxj
Pqyw6VjB9RqQbvvSxSzEWnhL8gU5RWq4JReMwJBHEkE8UaPvTGt6vQfVh2XrnMKpVgTWphUBP1B8sY8PP1r8ZNU,323247228,8sLbNZoA1cfnvMJLPfp98ZLAnFSYCFApfJKMbiXNLwxj
2sWQ1mFSgaerCcmS4PsHNYEJn3HeivFWrbY9iHtMkx3ffH77D1E57wrfxaJUXwZzNRbVnnnRzmRQtddD39iopXJW,323247228,8sLbNZoA1cfnvMJLPfp98ZLAnFSYCFApfJKMbiXNLwxj
4gQwR7GzGYnu8r1wfQvYNU4pJGZ364shvdjq53x9GTHLbdpMuPVXhokNcoPgEftXAL8vpMvJLiiEQtJam7DRxr5X,323247227,8sLbNZoA1cfnvMJLPfp98ZLAnFSYCFApfJKMbiXNLwxj
3KeARg1oQ5gAZ5XSjqZ9bXYU4UbdganE5DD7nPnwRcmv7Bb18AF38hDYzTTtr3sFpbhKPMrWiyf7dQui4J13uq2C,323247223,8sLbNZoA1cfnvMJLPfp98ZLAnFSYCFApfJKMbiXNLwxj
4E5YrabQVfDnKX6JoJeJ13rppLeVmc35RojF2pFsMJjS1ywbAPRMocf5QzcjWe1UVCeD9655zraQdM9w8QZfSzVj,323247218,8sLbNZoA1cfnvMJLPfp98ZLAnFSYCFApfJKMbiXNLwxj
2cvzRXdTdf13djzxTPcNw7vpbXj1JuY3USxF49YSRcuysLztE2nr3EH6aJxkSukxLoVut1wm7Qhv9DrbruUCETUg,323247211,8sLbNZoA1cfnvMJLPfp98ZLAnFSYCFApfJKMbiXNLwxj
G11LwsmHbzu2qW5LJMf2qn2MjyNGmE5PxAhVSQSdCBWvqRoEoDhxmwb1nDCjFWmhDT9uifxgZfnWPpJZggnjoPK,323247210,8sLbNZoA1cfnvMJLPfp98ZLAnFSYCFApfJKMbiXNLwxj
5gfrwks9XBwsSahxCP2RTZZoKgg6gVt92WQdLYqt2yyQDnK9QyDKMEPivqMpMEB1VhbxvWViPuS7HfPELGNHjLBh,323247210,8sLbNZoA1cfnvMJLPfp98ZLAnFSYCFApfJKMbiXNLwxj
2Z5nCapUjunafCwGcd3YZXmwNQbZ6hp9baxTUptSRX3KJRtGGUoBvdpzq32PLhVm37YTRKt9jNPK56QnYvB8irQM,323247210,8sLbNZoA1cfnvMJLPfp98ZLAnFSYCFApfJKMbiXNLwxj
67SaSYsiaqXtjrLoExjAzXth3H2FPftKjx7AZA6YRwcDM5GehD6izhkUd262mwxML7D3rqCxnkYafZZ4GQfTck9N,323247209,8sLbNZoA1cfnvMJLPfp98ZLAnFSYCFApfJKMbiXNLwxj
5YR2seVhghn8r9EifiwcDhNqTJK1pbHV5HwWsyYYtq3V8N3LumkRGrVt6PED7NU1j9qJc9N6MfTQURNXBfanVjDW,323247208,8sLbNZoA1cfnvMJLPfp98ZLAnFSYCFApfJKMbiXNLwxj
66Rq7ZTQCshfzEgKggx1YS4vk3r6RkeiqiyNV9ryaQXwy88vS5UQf7wwLeKi8swCCwbKydrveRbmAM1xoA6EFG3P,323247205,8sLbNZoA1cfnvMJLPfp98ZLAnFSYCFApfJKMbiXNLwxj
2c1gPJHoEDjFHVtusX8c8mPjFGCaUATaGtwxLDtnR6TrMf6W4Ngqcsyzi5j1KkLvWYu8qhEbSvV6qfTTkv8SC5qs,323247205,8sLbNZoA1cfnvMJLPfp98ZLAnFSYCFApfJKMbiXNLwxj
636hDMbuJ1c1qHcefEt6ADHz7Kq9j4XBTPbsVGG4LmXw1imhh3ShuoVQdEae1mZNKdZEMiS3nQHvw8nNV3LZcxo5,323247205,8sLbNZoA1cfnvMJLPfp98ZLAnFSYCFApfJKMbiXNLwxj
3FdgCvGSdsProjAH7QerbLjNuP7gVNQZR7uLvUZB8oxi2vAeU9bXjE1LqkBDtpvEqvuqPjo9njoZH1xd8YMudUxk,323247205,8sLbNZoA1cfnvMJLPfp98ZLAnFSYCFApfJKMbiXNLwxj
5c8z2fa7JQFaLsEN9wYcvDnuLkzojkvm2j7NDycFBSVKEhUTTEXYGHWeBeQrjAdMpwHPAZCrMKVbGL5M4D8d4F7S,323247205,8sLbNZoA1cfnvMJLPfp98ZLAnFSYCFApfJKMbiXNLwxj
pRzFg7NPs51mTRAQHkKQodpCkNz8CKQDcDffA7kxKBM5A3ZYa4uY2s8vCu7FSQAxyuahbQkkVCK9MJwnVhxKTf9,323247203,8sLbNZoA1cfnvMJLPfp98ZLAnFSYCFApfJKMbiXNLwxj
5qupuzY8dWHKo2jKU4tutbpcHw5FDYbSaxM9imrhYvzWKayJW27ZU4EUGCcm3QzUDQTLYhhyUf53UTqLVEPd6Cse,323247202,8sLbNZoA1cfnvMJLPfp98ZLAnFSYCFApfJKMbiXNLwxj
wDh9z91LAEmcV6re42xW6pRmtrqsRiVRzYDMNpHJkQGwQgTqiVtcr2o5bXN9JrEBE3Qu6PyUb7dK2oLgtxwD7iC,323247202,8sLbNZoA1cfnvMJLPfp98ZLAnFSYCFApfJKMbiXNLwxj
j2ZcTQPGt9FYjWXbx3ZdiR9H5E2h54xx6Co2c48TpPo5Y2sTuriGLhAb1sBjrj4s5fmCCnnuFDrxc5ZW4AZQndD,323247200,8sLbNZoA1cfnvMJLPfp98ZLAnFSYCFApfJKMbiXNLwxj
5YxmxoZsu8bJZvxZWFmQ7xx17oRcogk81u7CP2mWJ2Co9Z3kPAVGpKsgscb7ddTtnPGiKaHK5ouHkPzg66aUXHJq,323247199,8sLbNZoA1cfnvMJLPfp98ZLAnFSYCFApfJKMbiXNLwxj
rhFc6TMCVpRLMwfojxpSwxfF9x8LxrobHukgGsF4ZixHAwDNXominaLfDQT3RWufzrprpTRWtJNoqUp7wZguoea,323247199,8sLbNZoA1cfnvMJLPfp98ZLAnFSYCFApfJKMbiXNLwxj
2yiSjK4wNNf55qbScXc447WZpWDEeh4xYPvNm9N8kxTka2isiKqs8FUjwVC8WRES3MKXMUQ4FhsVEKAHxGS4RwGx,323247199,8sLbNZoA1cfnvMJLPfp98ZLAnFSYCFApfJKMbiXNLwxj
3pooyu6aJoKtWwDkeKVJ2cMd217dU4oiq18HxckGmMtkgo6xPZ2c8AKGL8ZsHjwDiqfhmmzkh9fnsExv8pC4vHdG,323247197,8sLbNZoA1cfnvMJLPfp98ZLAnFSYCFApfJKMbiXNLwxj
66bn4XCL7t8yq3fsRXgdn6MXgcE2JP8y5FaCHwVHY9d2tBhBEYNmneJQT4L6hDmevhiirseAbkDkiRjRkySDQZPP,323247191,8sLbNZoA1cfnvMJLPfp98ZLAnFSYCFApfJKMbiXNLwxj
24mgUmUDHTMm9J2woBeMvTYKEishP7iry6fMkNvPhZZPydA9ADjszUQ8CoVQiTwX78dzquLPdFDDz5vXGGQC3FeJ,323247191,8sLbNZoA1cfnvMJLPfp98ZLAnFSYCFApfJKMbiXNLwxj
3vC8oZbCQMs1TcwWHq6euDxqezvRbnzjA8eXAUiTXFoY2aiNCxWKeykkpSGLckaiNPWkss9j2ciTFDEhpaMNC1tv,323247190,8sLbNZoA1cfnvMJLPfp98ZLAnFSYCFApfJKMbiXNLwxj
2XdqAr4tmhATsgiDCohuQree91VFzoi8cZnoUN4NHxcwfqMMzXaNQt698K71cgVebaBBNu9NwyugTnW7eyBrEdzq,323247190,8sLbNZoA1cfnvMJLPfp98ZLAnFSYCFApfJKMbiXNLwxj
63PzQABRz5a5so9ToQFJEiAEHxQTQobRmABUfENaLfKvL5YXUcaQj98fdirzAJvUPpYTEWhDijuB9Kx5pixYb6uo,323247189,8sLbNZoA1cfnvMJLPfp98ZLAnFSYCFApfJKMbiXNLwxj
4aLhsRdd5SkySJH3eUaZUHHh7KP3xo7eBR66huqjzZBV8szdqcmATP2dUmEv1b8BC22tnnSvKyZWE7Ykv5bLPwgs,323247188,8sLbNZoA1cfnvMJLPfp98ZLAnFSYCFApfJKMbiXNLwxj
BGHyeB4kZ7R2e2wgP8t1Pdy3B6xTYJ2wbaA2cMebBpnLmyTSuZBqRBPNCPCE5XczvMinCkYF4F51tTzdgxrrEdq,323247188,8sLbNZoA1cfnvMJLPfp98ZLAnFSYCFApfJKMbiXNLwxj
B2N9zG6pd8sfPt4dCNoZFUKyGPQSeE72ZA93Wrywm6c2CooWyZfuVqbbyFL9afVYj9Rbf5AYFEJFW1LdcneRG9t,323247187,8sLbNZoA1cfnvMJLPfp98ZLAnFSYCFApfJKMbiXNLwxj
hyGk7GkPJevhYRcVFCuuRkLUjNQeBNBj1RRUmrxfno9wwZcRpvR5gpEXRqUhWy9uq2Z2i7J7tHc9XDDZFFgjSnD,323247182,8sLbNZoA1cfnvMJLPfp98ZLAnFSYCFApfJKMbiXNLwxj
3i1cZ9VfDTjjencWSVQV2BsXBZGcT547sxxs1RsnQFqVycjEcq1izVbpDqpRF5jxSsb83c5ZbEtkuTizeb5BRhC5,323247180,8sLbNZoA1cfnvMJLPfp98ZLAnFSYCFApfJKMbiXNLwxj
2KJLzFhZRfuzcQqYLRuRgYN3u98JF5mEcj2WT4qizp1qJuj2Lu4YNhjJdj12jR3gPnMyuK2oS9rsFVR8PUbh6C1o,323247180,8sLbNZoA1cfnvMJLPfp98ZLAnFSYCFApfJKMbiXNLwxj
4aRyCseMGaCMeG5qMcHVdahwpvUfSBXk4Qkbk3w62aSaWmrQ23xd2BFRLmeaMPKdgmSjRR5NZEjLqvJ1jU8Yh5d4,323247179,8sLbNZoA1cfnvMJLPfp98ZLAnFSYCFApfJKMbiXNLwxj
2T4ZdzvgWpVUwFZh7xCR2FXs3Mwvz16svhP4e1ggUzmPZBabHVnKsTxzhxTCoYVNZJjnna4CbmtZM2PYVjtY5pVg,323247178,8sLbNZoA1cfnvMJLPfp98ZLAnFSYCFApfJKMbiXNLwxj
4h618JnQfp8Xv7ZDdc9XZk24GH1MiwMiUoJ1WnwzMfkMd3dmNfRFgBKPY3WWXCrU8obp2V4WfqzzCWYp6WZPPZXn,323247177,8sLbNZoA1cfnvMJLPfp98ZLAnFSYCFApfJKMbiXNLwxj
39ATsKWzatUG15vx2fdeU2rLN4hfwgCwWNdn3cm1bsB2aE9gDGna3yzag5s9bnVy4EKim7hWk5WfbE7A34jEWktT,323247176,8sLbNZoA1cfnvMJLPfp98ZLAnFSYCFApfJKMbiXNLwxj
5cssDdnHNjzwPLtYJhzZ2sBnuPw52QkzdG5mEonq6ZLcqde8ArAKNbef4tfZ5w6tpNPeQrzAF6STUPtHfDC6nJo1,323247174,8sLbNZoA1cfnvMJLPfp98ZLAnFSYCFApfJKMbiXNLwxj
5GNCXLS2DdJHFgb7BiQ5QSHhw4X83BXYz2Q5EwJhToCrTmT7WpFagFYXmxYqUVEtKqB9BiNEtJik988dEHSnPiq1,323247174,8sLbNZoA1cfnvMJLPfp98ZLAnFSYCFApfJKMbiXNLwxj
4vW47EDynknRKF7enwaZSRD6y7sSPS9P6fdS85MZuqX7UwgbEqUgXd1Jyr8eWkqjRXifDQWKg9mCzJad4kb6VCUk,323247173,8sLbNZoA1cfnvMJLPfp98ZLAnFSYCFApfJKMbiXNLwxj
ZWps9htzNK9coFRDxzfXdeGyj2uUPs55S3DBuzKUhJtcZPemLUhfoxiEjdGxBrsAy5iw72tuCLzKZ1WFNpV9kLD,323247173,8sLbNZoA1cfnvMJLPfp98ZLAnFSYCFApfJKMbiXNLwxj
TDGzKa4M6TQUZAx84PWvmqCz48izMyNdM5SATQHLL3X7eiRSWy464uNVyUJ4Fxggvw4p8845KL8fmbdHiEwCSPD,323247173,8sLbNZoA1cfnvMJLPfp98ZLAnFSYCFApfJKMbiXNLwxj
3Z6GZNGB96qjEbMUygJXTCcetxUESAE3bhoTv33rPXmGCv61JJakKhAsX2exSarSmCLnmrF6bcdwsmcEzdXLLZKC,323247171,8sLbNZoA1cfnvMJLPfp98ZLAnFSYCFApfJKMbiXNLwxj
24ZptonDQ5s8wbqqmZ9mmpFbTNjFqDVWRCdKn5LnCALEXeDuByjGQ17HrwMBKeVDvCPNGcDSJBStr2xmBX5Es17H,323247171,8sLbNZoA1cfnvMJLPfp98ZLAnFSYCFApfJKMbiXNLwxj
5wFXJa7fdEEUDSS4HVkdg7hFnqBT5AXFek63AThqVg1udUTkqayaC9Mu2Deo18N1V5yKK9fzw4fJ31uHsoRRFeH2,323247171,8sLbNZoA1cfnvMJLPfp98ZLAnFSYCFApfJKMbiXNLwxj
639NkVjdA7MEg3yZbVcpUpCn3itANhbTJTyDm2XTmiziBzJMVda82x9idKfb4DGpBWJPFops7zTHfMHVg8jMaUV4,323247168,8sLbNZoA1cfnvMJLPfp98ZLAnFSYCFApfJKMbiXNLwxj
2MrbpUkobT9EjZwG6Wd44wsJdCKS2NGuRpWVAejBRhBVzmj3EtGNw6VQRCfts3XwPpp4VUFmBMvdpzEoM4yQFQZf,323247168,8sLbNZoA1cfnvMJLPfp98ZLAnFSYCFApfJKMbiXNLwxj
2EkuRupqG93QUv9WqyzQfXJSMpXzACsdq2NcUGHDihwzdvAQNZDQZ6LoC1EQ89LUP394fRVyWQCRFzn2PGzXtiqg,323247167,8sLbNZoA1cfnvMJLPfp98ZLAnFSYCFApfJKMbiXNLwxj
2TZgT2TN5aWxjgHy9eg4MkCmiVukGB6du88566oSbpNkmboNZhs6SupYLuGzoQFn5Y9Nu1zxkwZSzqULErymA99r,323247167,8sLbNZoA1cfnvMJLPfp98ZLAnFSYCFApfJKMbiXNLwxj
31bvMz2xuZyqfdtDRHRELgptmC9EY4muS5cWmvk1mDSyjc7nEmeyM7WjzULaJyb9nZjEjSnLqzYntaVEY6ziASPj,323247167,8sLbNZoA1cfnvMJLPfp98ZLAnFSYCFApfJKMbiXNLwxj
41mP1Nh9iWf65w9bMRJGHvhTJqgqE4y42Dp7kc2uSri4T5JxWEBW6yqups21F4wbboZBkxrssexaQyBnYBJf2XfJ,323247167,8sLbNZoA1cfnvMJLPfp98ZLAnFSYCFApfJKMbiXNLwxj
2AY5nP9z7k9x8spegBXCBUqGHPvjmTUk3yL449S4po5AbUnNPDPhmxFKDUuPa65ZCjRCMwDmS7ytxGvjaYQa5RFs,323247167,8sLbNZoA1cfnvMJLPfp98ZLAnFSYCFApfJKMbiXNLwxj
2eUP4M4Utj9rKGtKkfUNytULvJ7B2PdscUL97JQGxMWFeHh2AMs93XC4xdLV5jvFvu8G7gC94MHcppzm7NRM5ims,323247166,8sLbNZoA1cfnvMJLPfp98ZLAnFSYCFApfJKMbiXNLwxj
5V23bS9YqPfS85wdFaw9TKjwmKdFjVYpPEMBzELjQuNYzZ52KSAK7Qo2abNGT93Ltzy3Q5rkDJr92LcMKqkxvKyx,323247166,8sLbNZoA1cfnvMJLPfp98ZLAnFSYCFApfJKMbiXNLwxj
5VLdYCvUe7bh1rcWkeiKxj59mVHHEk9AKwsiR8JXWikyiyTs3R6phxXptLSaFpTfFGWvFNZxg7LoVm3fmsa3dKon,323247166,8sLbNZoA1cfnvMJLPfp98ZLAnFSYCFApfJKMbiXNLwxj
5WSmUc8m9ZL2TcbcuyqoBD3DVTK6onV4t4z2X3Cd6dtx9uSS35rJjzTPvzoibFuhGvP4YMzuAEKmCL1Gs4AtCRZg,323247166,8sLbNZoA1cfnvMJLPfp98ZLAnFSYCFApfJKMbiXNLwxj
3iKiMjkyPjFbXqaZVoSwQFKPGxHPgcRFTXug2gTVQgicHocBvfGTzvi9SB8M6F4ZQDVV3DJyDodjtTWN1j1z6UQv,323247165,8sLbNZoA1cfnvMJLPfp98ZLAnFSYCFApfJKMbiXNLwxj
XHTYMupYc9i7cagFah5nMvmHS4jF7jzJUypUAPL14gJ1cGJtst9mRqPSbZcHsvveAy9nDUXf47YpVsu7Xz8Qjgi,323247165,8sLbNZoA1cfnvMJLPfp98ZLAnFSYCFApfJKMbiXNLwxj
5dW4tgwZ4yJmmWGGYegQvADEu94zTK3J6fatBzpoCvtmUHhLeXmqJ7H7Jksjy8TBVdmY1cqQBG12Kdw1JDYZsZJ6,323247165,8sLbNZoA1cfnvMJLPfp98ZLAnFSYCFApfJKMbiXNLwxj
2Ca691mQMsYmXbdR34TKFqwVtpfgQDpYySLsQkmewnXsMMhHHRLEC72Jas6zBrnVK4qzGJBeLYLsqZJCXtjoXQAj,323247164,8sLbNZoA1cfnvMJLPfp98ZLAnFSYCFApfJKMbiXNLwxj
kQwNKPDJonZRsxbKPHvnuCRw2T32pe7smGKmFYchXViP6zW5PFq45SV1pJVt6dpuEkgJuHWzugUg2dLt9Abjtqg,323247164,8sLbNZoA1cfnvMJLPfp98ZLAnFSYCFApfJKMbiXNLwxj
5mdhxmK6y6YsXG2764gYRDE5trPceMPz5WdTQ8UbmV5FRyQjvDk9NrcoxQF8Qgd1H2MbbXRva22iXcNbXQRdiBAq,323247164,8sLbNZoA1cfnvMJLPfp98ZLAnFSYCFApfJKMbiXNLwxj
4y1aZMLFj7wmXvYeubcv7xSALwPvUstxbjJK5YjRJhMGxyJcfv7Z5bBywon8k6HuJ1auWbBM7LWKG17zT5Xb4GML,323247163,8sLbNZoA1cfnvMJLPfp98ZLAnFSYCFApfJKMbiXNLwxj
2VNi7mBKSFD72U2uERPFytNbPk6DnEZRHZ6ECZBDxb1YsUcnRfZyDrzg9jwmE4fD3nt77beoHvyrACTBSoSfoXH6,323247163,8sLbNZoA1cfnvMJLPfp98ZLAnFSYCFApfJKMbiXNLwxj
3c5MLQEJb7MgFc9jStbhce1Y3PQWnhTcC4hjBktSBGPEovS1BqrJruLrwmRHu3JTxvMtYAURADxn68eiyAxb5LXh,323247163,8sLbNZoA1cfnvMJLPfp98ZLAnFSYCFApfJKMbiXNLwxj
52xQwR1Ch7t4Qs32i8ztxUKtuPTUFus9fETjFNfUzwJkW9FTN9fMne9mQWPV7T3fjmgp4Y5bWxaBFJuHAgzwd8Px,323247162,8sLbNZoA1cfnvMJLPfp98ZLAnFSYCFApfJKMbiXNLwxj
3Sd2njMYpgdhEBR698M2jxxfKRizDgdCL4uMfjNo6CcKGUiJF4w3Zae2ni3dB7bxdJA6BzpHtiid6QuoekZ2TxNh,323247162,8sLbNZoA1cfnvMJLPfp98ZLAnFSYCFApfJKMbiXNLwxj
2ogGX9ebLEqap4BVBK3TRgjGnBXwyqS4UeSAzGLQkqZNyAF2KCUX2XneUahM3TzgXqZikiiCwjxwPJ6YRK4kxn5f,323247159,8sLbNZoA1cfnvMJLPfp98ZLAnFSYCFApfJKMbiXNLwxj
558FcTpzEBc1z8WC37EUaz3XrvusKYE1cERjCkPX2UzgjKCKbAbH2NPuqZrfXzruYMn39NtWQPACQGm1oYEEPmMn,323247158,8sLbNZoA1cfnvMJLPfp98ZLAnFSYCFApfJKMbiXNLwxj
Bt1gFsGvF6iJ5DMim9PVvDHF6ysGN3rDf9sfEBRumrD6Gvwy5UTzCbAwevVgRtp9rdmqF1jZoMjQEPRDYfqQLw2,323247157,8sLbNZoA1cfnvMJLPfp98ZLAnFSYCFApfJKMbiXNLwxj
5cdzbuqiGFJCD47m8k1mt3EfQu1bpGWQUakrfb7NCwCh59fB6m8TDQr8G9EkdrGGNiWtKCK6xJfMnPJ2CWKfUMWE,323247157,8sLbNZoA1cfnvMJLPfp98ZLAnFSYCFApfJKMbiXNLwxj
39aVPdcEf5ysGBNKVL6EkJCecjKUj6TJYvNhrv7Qu7fZVf3R9uVn4d7oTcSLvPwxMin3jUvKK3ZEBbsq2ZToKf22,323247157,8sLbNZoA1cfnvMJLPfp98ZLAnFSYCFApfJKMbiXNLwxj
3UJsoy6wKhMhioFsKT3rVrxUNZwdEio2s9vxjH2EkzEPDg8PSpHxHvF8a5z8e4DJiu9iSqUmewm1RGJNDk3xkTKa,323247156,8sLbNZoA1cfnvMJLPfp98ZLAnFSYCFApfJKMbiXNLwxj
5bSHyUvXjnvD6Pp16Tpdw63kBRgfC6HYT5GgbjX8xtE1drtwJ2967pnoT6jD48Hrz75RxKXDUg1DmXnep6HqHFHk,323247155,8sLbNZoA1cfnvMJLPfp98ZLAnFSYCFApfJKMbiXNLwxj
35vqXweuGzEL34Bu5sGzQaq1dg8NyyHD7AB4S3M4LqneBqaoQnCCwed4b26sAtkm55scGGh6rVNRy5HysXrU3FTL,323247155,8sLbNZoA1cfnvMJLPfp98ZLAnFSYCFApfJKMbiXNLwxj
2X6VKgTQ9cHK7St1cGxgo1ytK9Z8xfvoZTVy82XpCVbnJM7i7PMBrKMJgPtXVmsgUFErmAih2uK5RfKk1sm1Xm1f,323247155,8sLbNZoA1cfnvMJLPfp98ZLAnFSYCFApfJKMbiXNLwxj
ApBxmXRSnEGsVsxjak1HDSJ5AC3trpYfatyXTeDndnWg3yt4PoffWbxZV6zvUKggSRvPZbePutBeeKj1YUKbdJN,323247154,8sLbNZoA1cfnvMJLPfp98ZLAnFSYCFApfJKMbiXNLwxj
1DB3ZnhfP3LR92qBnM484YWv8qqbbPJkKVbsPv8NZVUVRnWY1Ru1b5SMLLU9if4nC6i6Lh4cDtp6SroVjpzkrXu,323247152,8sLbNZoA1cfnvMJLPfp98ZLAnFSYCFApfJKMbiXNLwxj
3eVneiVA9YtnLXJoh18ZRG7MpU8qVCDEtSBGkyKtL4x53V3cGHb5ykteyS8CZ1TkBb722YVu91KuWW5cdHvJ5ieR,323247149,8sLbNZoA1cfnvMJLPfp98ZLAnFSYCFApfJKMbiXNLwxj
2kYLf5uQErS8D2HSyzz6DMkxTsAociwjJHqS6uqMCndnkCK48Z83FFMrnNt2wX2j4C1updaSZmTDc45haNM896ZW,323247144,8sLbNZoA1cfnvMJLPfp98ZLAnFSYCFApfJKMbiXNLwxj
5YVw3hEZCgQeA1cLAj2PCNJiFeFWFkwf76THLNVmhNFQwJtT7D5aV4ZKpbpyhPbxuAzKSfukd9RX6jTxQ3husycj,323247144,8sLbNZoA1cfnvMJLPfp98ZLAnFSYCFApfJKMbiXNLwxj
2rHtutQ1sq9Z9huFEGiAsjyq1fcRL9JiJaXTDQJTnsTb1v8fLpcBmvWEJKKghjJWvTptJ361J6HQKvtHdgpiSd2Z,323247141,8sLbNZoA1cfnvMJLPfp98ZLAnFSYCFApfJKMbiXNLwxj
5KRTzHRaSM9vpkCuzxH5jmccZbyWNwzz3HwsuueRSLxkfLqZ2hbpftBSkx9DZ3ZCC33kokk39pncqf8qAXFkcGgg,323247141,8sLbNZoA1cfnvMJLPfp98ZLAnFSYCFApfJKMbiXNLwxj
5hqafMG2hP9hpVYWK8WmWxzKj97EAj2sDVLAfQqa4TozX3aTE8WVgs7KLS2449in7A4S7LRif8juxRL7VLRL4fQM,323247141,8sLbNZoA1cfnvMJLPfp98ZLAnFSYCFApfJKMbiXNLwxj
2TKGDStdrC7wfU81GFD5GBw3Mj8WF6XzwWPvFHnG8rSiKsEjZNv4yBD4RDVkZVENrdZZd7Rt27V3NpTBNvBX1nSn,323247138,8sLbNZoA1cfnvMJLPfp98ZLAnFSYCFApfJKMbiXNLwxj
3uorMieeKW3RECTFv1hv88pawMAkdFnCqoUHNXMmWDFpKoeotoYygZYUjJBXLd5VDy5SJLoMuU8SJ6nq7nkf3zmv,323247135,8sLbNZoA1cfnvMJLPfp98ZLAnFSYCFApfJKMbiXNLwxj
3uF4KjbYkM5NL2AsJmviy2cqwtbAoncD3GQQZHJsAjKtq7F5QZ5JwsN2p4bZts4yiE9sMLTKKGqCU9HMqxbVQeLr,323247128,8sLbNZoA1cfnvMJLPfp98ZLAnFSYCFApfJKMbiXNLwxj
4PuNetw5Mv79kKJR77EjjpwE9B9jEjZPoToae7ALHwYMzDCMKLj6a2mSbicM3GTBpoWjno4roaBLBEgP1WTSnvLj,323247127,8sLbNZoA1cfnvMJLPfp98ZLAnFSYCFApfJKMbiXNLwxj
2zW8g3b9ZJ8pbeqKgBrwijT8aqQiHZHUTHR3MEGKbPFBP7d9oTLEgfCvoSUSj4MRporsWopcHs5CXoYcD9ZeA9UF,323247122,8sLbNZoA1cfnvMJLPfp98ZLAnFSYCFApfJKMbiXNLwxj
XHSZHtEvTJtz6CVXoJDPzEQCY3EkD3mw5EqKtq4LXKD2mJNt9D2ByL5YKYk9QQNKMBkXMmJ5zE5bWthcytjnbho,323247120,8sLbNZoA1cfnvMJLPfp98ZLAnFSYCFApfJKMbiXNLwxj
LAKkVmQSv7UoWbr2dkAyvjfhbCquGZcM9pRNzBPi2JhAVYRADsc1ZMF23F2BQLtVzdPs2yNcawhN3oiiFrRLQHJ,323247117,8sLbNZoA1cfnvMJLPfp98ZLAnFSYCFApfJKMbiXNLwxj
25NyuTfCYNs1JU6t1WzpQDvXMd4a4Fxu5DtkzNRFfdkGqjCMzEDQQVkRsfEucrK6dhXnyQ9FTXMHCtVYj1ntuZEj,323247116,8sLbNZoA1cfnvMJLPfp98ZLAnFSYCFApfJKMbiXNLwxj
3yeKbHNJJ2UDQyTwR5Q3dgJhEP2PTa71PUrknLW52quYWrDY3PCaBzAAncWPLtDbxz6jeGKTiYJrQh2Z6pTbYScT,323247115,8sLbNZoA1cfnvMJLPfp98ZLAnFSYCFApfJKMbiXNLwxj
4GyuJbrqqZwPUL9fxFBmVUPC9HQMZsSqjCDbt7P9G7rbKuEXwhzTRiVvgBhXdyYNJQ2PjDCkeGokX7PG54ab2t1s,323247113,8sLbNZoA1cfnvMJLPfp98ZLAnFSYCFApfJKMbiXNLwxj
BF36PNcVkxYR3pDh642ZicbLHiAsv3MtKmWCVYfvkNffVPgpYC49CyMtKgrH46JCjSjjZkwUv42YsbErnpxraUH,323247112,8sLbNZoA1cfnvMJLPfp98ZLAnFSYCFApfJKMbiXNLwxj
jGoQLokem26WTP4Xx6u6vzGVgnUSCyUcX5VEmwAu3BrhiSeBpZYZoyhbpmmgmg4zmu6it2HTrZL2vKjziLYWntK,323247112,8sLbNZoA1cfnvMJLPfp98ZLAnFSYCFApfJKMbiXNLwxj
5FF7S6QysMohNjC97M2Ee2sTn9icDTXw3h4tCTynabcQCHPYCXXnrAtoz4eyTr2hZQWoDAEbGDRgGb6Ni7TDG32v,323247111,8sLbNZoA1cfnvMJLPfp98ZLAnFSYCFApfJKMbiXNLwxj
5qdvRmhGDXR8G6FZvck46hv5zYui1iNgLbds5BYUj44hR7CzXXHWkTzqAi85EnLTvCr3P6LzQ2CrufqvnLYKirE6,323247111,8sLbNZoA1cfnvMJLPfp98ZLAnFSYCFApfJKMbiXNLwxj
4ktkwFMMLiY6mYuXLMDKMyZZBHyxsNYwAkqVT32QZboRmoSLJu88hJSDHqKTLBYFyNaXmSGu1YdqMDRx6964pycE,323247110,8sLbNZoA1cfnvMJLPfp98ZLAnFSYCFApfJKMbiXNLwxj
5UwzDs8T6iSPBoS9Exn2gUpzQSouPcGnFvYbR4yksZUc4FWT4jxsXpCtcwbqt7JYciTkAUDpubY2RQ7NGC4GWb41,323247110,8sLbNZoA1cfnvMJLPfp98ZLAnFSYCFApfJKMbiXNLwxj
2HskQRKXYJCVDaq2eaMzkJdtq3JnBAmJ2WK1n9TKbKfgax7FuKU9VeeQ1aGDWn1baQusntqiajo5kmbgVF5cY24s,323247110,8sLbNZoA1cfnvMJLPfp98ZLAnFSYCFApfJKMbiXNLwxj
5BPhSV1M8fhzJVuwyyYrzoxN8CR2svkpTNBdFe2W3AC6RUA89n5ft5sukwkNeNy4EkXUo46Zv4KCi6b8SRmyb3uo,323247109,8sLbNZoA1cfnvMJLPfp98ZLAnFSYCFApfJKMbiXNLwxj
66XogG9veEx4vSKXw1GzPfmQSR3rLDPZmrgxJ5qr5MW9J1iRNn2bWzaxrwfuruxaMUXNfa9dzCKBFhbm5NPsZXpJ,323247109,8sLbNZoA1cfnvMJLPfp98ZLAnFSYCFApfJKMbiXNLwxj
5o3ASEi8dboqKVrhRoPp5LmxhU8R3HqMN1SJx8eUKJyjY7mhgNSZrtCA5BgH2SC4if9jHBq58A8yCTmEqyuWuipu,323247109,8sLbNZoA1cfnvMJLPfp98ZLAnFSYCFApfJKMbiXNLwxj
4yvyvwgLdA2LjUQLYJ4XxcYcVAaHNrSMkg6uLkpWQPuw6zN2Jv3KwVL3xSWgWFfy18pgKQtZGkCFQjhfhNyguuuV,323247108,8sLbNZoA1cfnvMJLPfp98ZLAnFSYCFApfJKMbiXNLwxj
672DAjcN4RPJd4DEEHbCcBajWnsLkRMG7NkYHP7Kpc5RiKZZFoZPeYmgcgoJYjVfSPf1mVZhudNaTfQBweo3umex,323247107,8sLbNZoA1cfnvMJLPfp98ZLAnFSYCFApfJKMbiXNLwxj
5H5TR7YCWtMwfv13ikvq6aqak46Kghou55oEEMPd2PoPBE5U34U4yvB5WNetscNEW7eeVADwU2AEasorrxW3nKgg,323247106,8sLbNZoA1cfnvMJLPfp98ZLAnFSYCFApfJKMbiXNLwxj
2ZZXMGmsz5FakcStqzne14vL8VC1H4NakoFDna6DfwHGxQunKVzdCJGvnPMfyzdoMYCHJSS9wbmsv692T5keP96d,323247106,8sLbNZoA1cfnvMJLPfp98ZLAnFSYCFApfJKMbiXNLwxj
2CKnyDVJnjFhrKbAXcHsHa4xVNtyWQS5sH3muNNJSxSR8G5sFRwFewYbT6E1DRoqT6pfLzm968u5AtM7WiQWePYt,323247106,8sLbNZoA1cfnvMJLPfp98ZLAnFSYCFApfJKMbiXNLwxj
5txQLSM35ioujq4LiNzMZhG1a8LvGzj8WNAgqzSwq3fCHTRxDEzpFPQjbGGbgbHzFdJxUKfU3YNgaUUwsHv7XSnY,323247105,8sLbNZoA1cfnvMJLPfp98ZLAnFSYCFApfJKMbiXNLwxj
ahDhTzan8uhgLMb3MjYNwonpvAGhABEmYn5Zo4mpNUs9jMQpdvR5PnnHwD6hHM8G1kmxpYdcnAXbdUqo8K4LK74,323247105,8sLbNZoA1cfnvMJLPfp98ZLAnFSYCFApfJKMbiXNLwxj
4PshJha2HHrpqvrXaPJC3ZsSBs7PbyiZVw2MrG341FCbK4HoaPUDFQ7LuFgXg1FsP669snPcoFowToiuYpFtBBXS,323247101,8sLbNZoA1cfnvMJLPfp98ZLAnFSYCFApfJKMbiXNLwxj
4T78MtfFbXtTgjrdqhY93DNmNTP6CEViP5Guv7x31WJ1GekGKLAa4gsb2WoFdkX8aXCSMMXLQ2YXwpYW883xMAS4,323247099,8sLbNZoA1cfnvMJLPfp98ZLAnFSYCFApfJKMbiXNLwxj
4szrHFQ21JYmDEZZpTjNHd9WXu6xDYw4kt2xkvAJnJAn1TzWB61Gp5QFnD74zcKFoL2T9C7mwi7rMDsne2h9aSK8,323247097,8sLbNZoA1cfnvMJLPfp98ZLAnFSYCFApfJKMbiXNLwxj
2pkiGG9dmGFnTxBSjRKW9LRsEDBMGFJrsMewCCc5s7bzftZ2CZmpNnk4o6A9xDAh7pttqxDMRzVkrsQfhKZaEBY4,323247094,8sLbNZoA1cfnvMJLPfp98ZLAnFSYCFApfJKMbiXNLwxj
3z1cyeH8AG7jFavdZmpfBYYfCmzZoKsGUJ6a4Un37TRR7cWPtQqFEpXEduBNWNG8z8xhfTrFAhSwKHGhpSgktA9r,323247093,8sLbNZoA1cfnvMJLPfp98ZLAnFSYCFApfJKMbiXNLwxj
63zNw2jEPrb7pRfFw8ZHjZqXjurGwHeYv79fc6wzCwFHp5d2fzJigENPNzegJJSp1N1yZdXVEmAviEuaqxVUQzik,323247092,8sLbNZoA1cfnvMJLPfp98ZLAnFSYCFApfJKMbiXNLwxj
5toyujaPduBTvR7a5FGrqHscLgNW2WiKEFXJzXBQSsmTsEJ9E86KVU3hNuWEwmRV3UFSjmf7Yh4AEbLkioTjQhyz,323247091,8sLbNZoA1cfnvMJLPfp98ZLAnFSYCFApfJKMbiXNLwxj
3ACNhjaQGvkKU1zDNrnsK4Gz6AJmf6eS6ZQuwbPaQkbLZUsCospFcKomiMSVhZA8ShmwhLMBmBMhiBuYvDT4y1iC,323247091,8sLbNZoA1cfnvMJLPfp98ZLAnFSYCFApfJKMbiXNLwxj
KDKvTU4jiqqENx4N4kLjWcMrtJepGU4Ek2NMpBHR6sN1U4aJLPNF6wVUSvYrEbx81xY3b8tzUACnKqN5t1p8dPm,323247089,8sLbNZoA1cfnvMJLPfp98ZLAnFSYCFApfJKMbiXNLwxj
4mT6f1ct8XuhGdGVq3iTw5itXsFnhJXTutvsH9fNqHpj2CeRWeBcnSAiq25kgHosh23Mucug9GwWFFYVE3mEuQFw,323247088,8sLbNZoA1cfnvMJLPfp98ZLAnFSYCFApfJKMbiXNLwxj
2daDRGKf2B7ycTFjMHc4f7JGfpzc9Wu2RiT3feAk91BxSxTjuLXMHrxJSMtKQNU1yJJALrvYn46oVWss5Uhi6Jj9,323247087,8sLbNZoA1cfnvMJLPfp98ZLAnFSYCFApfJKMbiXNLwxj
3nw1dubyHEbVnhDh46N89P5LF7JPcmFL2KWfMvERViHsxVnXsW66rQNjAtdvxETogLDEu4jiZyyQNibmyUs6AWFF,323247087,8sLbNZoA1cfnvMJLPfp98ZLAnFSYCFApfJKMbiXNLwxj
E8HZe7rWRQGzvHpvgT2d3o6pw54yxSXnAY5p4zwUFU8mgz3HZjx5BhysJeJh7e4P25ubeCGqifaVi98dkrtC2tL,323247086,8sLbNZoA1cfnvMJLPfp98ZLAnFSYCFApfJKMbiXNLwxj
3qtng6THVurPCGU6hGFYKMs93C3q2pmdv4yBiJwpG6bDoMkVesviKJVq7hq1rGV5MSWM3aLybyJqyE3sZBLtWqYh,323247083,8sLbNZoA1cfnvMJLPfp98ZLAnFSYCFApfJKMbiXNLwxj
2znKRPTW5dLWPDZwkjbBSQcTLENFecJRRuSrHpXSMzgDaoMaUSXz8GhxMSq4zarkcar9hkpjGYgHnTExvej8VMG4,323247079,8sLbNZoA1cfnvMJLPfp98ZLAnFSYCFApfJKMbiXNLwxj
2a6KpTrc4XEsP8816XA8WcS5imfDkLGwrrFpzfnZktPHhbcbNCgzHeXJorNewHuvvWv39odsN2VprC4vcUSxDKdZ,323247072,8sLbNZoA1cfnvMJLPfp98ZLAnFSYCFApfJKMbiXNLwxj
3MKZrMkTfoSSYpVbwmayNEQ6Yk6UZm2tMQZQUwWjvjGJq1UkdxGQB3xh27Y9g2sTXcoPFV2DG59X2fe99yTNF1Kq,323247071,8sLbNZoA1cfnvMJLPfp98ZLAnFSYCFApfJKMbiXNLwxj
5yomGUpxooaR5qfS6ereB5Yd3eJNAjrxxRC3cbcpyww3qxkEXWoMrZkSf4zzP7ff2kXiLakqVG8CTv4wUU195M96,323247068,8sLbNZoA1cfnvMJLPfp98ZLAnFSYCFApfJKMbiXNLwxj
5Gm2wrdoYfrnbZT8MtWMpUEux9yC52uEpGSVDSjM42fHQn1C3edfRrX9WaGU7PS6LFyg1ruHyayXzKiRUYwikB2a,323247065,8sLbNZoA1cfnvMJLPfp98ZLAnFSYCFApfJKMbiXNLwxj
5mqiS45yBpkhzEPedxb3B82Dpq5dprULjPwj1BgQnb8YugGuahprR5qRsUeb8BJRgBjJzi8sTpqtN6rxmaX1bryc,323247065,8sLbNZoA1cfnvMJLPfp98ZLAnFSYCFApfJKMbiXNLwxj
2gakJFfYy7Mf9EqW6Sjv6ZwtEdm56Y7AaXqWHXuq4hwTN26APaGvAynrFiF7vLCjDPuxT3CWC8ACJBmQZBGwAf5f,323247065,8sLbNZoA1cfnvMJLPfp98ZLAnFSYCFApfJKMbiXNLwxj
3E68gfTVxVNgffVrNErKVXWGD3s8cudJKiTAknAgxsKGSQaUPVBF8Hi6pVgy6TupXvFt6zuX2dCWcLAZtMyDhD92,323247062,8sLbNZoA1cfnvMJLPfp98ZLAnFSYCFApfJKMbiXNLwxj
2qPaqsGzEvWsRA4gQ93wg4xC7h3emaFsFC6U7TSybkR8ev7rpZCNpTvuMEecBfVF8Q9iVXB7y2N8xzLQyAq3Zqyu,323247062,8sLbNZoA1cfnvMJLPfp98ZLAnFSYCFApfJKMbiXNLwxj
5gHM8bGDqBQjMf3HusTY66HqffWeyxri8pXxBrRGo8erGHUeoMUez8jwKWQk3NYYuMLoKpL7ZtikZMDp2YMRafwH,323247061,8sLbNZoA1cfnvMJLPfp98ZLAnFSYCFApfJKMbiXNLwxj
4btc1J5CZ3CmBs8EPTgwraSdCZvJZ1RjsLWRhPsWWkT5UCvxPGbwjyZMLzx7Bh9BFsHnyfhTXmx3DjsFBGoggUQ4,323247060,8sLbNZoA1cfnvMJLPfp98ZLAnFSYCFApfJKMbiXNLwxj
5CUdqhmqx8MzPpqPwzTNmt9BamyrREPuak7GyNXJN1fX8KzDHsm8iatJo9tVRB5gsoJgrqajyYN3VRBAiM4a5MKP,323247060,8sLbNZoA1cfnvMJLPfp98ZLAnFSYCFApfJKMbiXNLwxj
2maccPCRKqE8Wkpuv6Rq2pWQirgLWTLEMJAp2ptLVKHuagKsN2VDNQtEX1tK1Bey4nbE8hCdCGd2rwBA6DkMTVnz,323247059,8sLbNZoA1cfnvMJLPfp98ZLAnFSYCFApfJKMbiXNLwxj
521FnnwNpjkbeudTmKNmo3Lc4yZAEK72TQGuTmmzCmy6CbRazQAuQZQAtq12gtEeDcykVPMebMUDU4ksF36PPryA,323247059,8sLbNZoA1cfnvMJLPfp98ZLAnFSYCFApfJKMbiXNLwxj
ANXj6YoY2qh2iUASm56ZhNSrT9QRjxe4Eg3TUSyKXy9YBn7ReY3mKMi68iNFcHP5GMkMjBWhtSeYVeBEi1j4zKH,323247059,8sLbNZoA1cfnvMJLPfp98ZLAnFSYCFApfJKMbiXNLwxj
2ivXZAg6DEAKA61MTKJdhe5SceHi7E4YTGPWHP7gCAkHSVN6vMj32htvaj8HeQtzi7hs2kMQ9UPPseTV8nhzdTQz,323247059,8sLbNZoA1cfnvMJLPfp98ZLAnFSYCFApfJKMbiXNLwxj
kH7rg24YcQeny7fkzpG5t5ot2gX2FbgASeudAZFde2Y8FQGLzim67pZVjDRatr5LLRGyjoaEYru1NSwdodioXzj,323247059,8sLbNZoA1cfnvMJLPfp98ZLAnFSYCFApfJKMbiXNLwxj
2UTrG8TSd2wFwLSGtFYjAxaYVq1LcCamZBfCzYcyPs83UTj7992qixEMK8r8nzGT3wZTNgbp3hZARrUXPuKtGh3j,323247058,8sLbNZoA1cfnvMJLPfp98ZLAnFSYCFApfJKMbiXNLwxj
TCALhMXytQjpPC4f7EMwioLtiGfopbmiig3hAQ221WvVcGgowirJh4SKhqGUz21zkEzYuN4NX3nxzJWpMzW9kND,323247058,8sLbNZoA1cfnvMJLPfp98ZLAnFSYCFApfJKMbiXNLwxj
3ujMuwE8Fz3NNsL6ukamH1tRhWceeAB6vxMipEWyEpgDfehN8rALzkcKLWTB84j3iu833HHegQM8jWpugFQpw4X9,323247058,8sLbNZoA1cfnvMJLPfp98ZLAnFSYCFApfJKMbiXNLwxj
4a8v8JfbsE7h9ig43kqdDDoqTsB8SiNuUQDmgg8qqLtsXLwy5UMnXbPFrsrFRnBXP7goEc6ipRbpmbu3BSRqdufw,323247058,8sLbNZoA1cfnvMJLPfp98ZLAnFSYCFApfJKMbiXNLwxj
5Yc7BmyBsnkzqKchK4y9CmDMPpzFfAgNR6FkY1HYUKVQQXVHjCRGP9KwS8EgQP9V7esQ5BPR4Gnv1LXtGio95ur6,323247058,8sLbNZoA1cfnvMJLPfp98ZLAnFSYCFApfJKMbiXNLwxj
AvyUzLceyGj7gWgHseGeTiXQTiMEqREjc58GxT6111P5yWz2rCZcQ56u8JWMuhRyWok6cfb4aE648UDQVGS3nud,323247058,8sLbNZoA1cfnvMJLPfp98ZLAnFSYCFApfJKMbiXNLwxj
2dZQJe3kw3afzRV71NxBJ6TZ2HUSbdMDo7pvkeiWPWFR2d5r9WtPJqcbq1gBY6CbXZ2coCPW9qC7xzfPBFmRxkgM,323247057,8sLbNZoA1cfnvMJLPfp98ZLAnFSYCFApfJKMbiXNLwxj
4EXMYqor464iaJY7inrfbZw9r232dGVqN16QzotvdmUQgvNUwSh4dzZoD7hW3tsi8Et9CCBsoWVhH31KUEu6St2o,323247057,8sLbNZoA1cfnvMJLPfp98ZLAnFSYCFApfJKMbiXNLwxj
PdR8R6VNWeT5mBAPCpmhSzabejy1TjiDQ13Su58MkvL9Ynnp4CUWe3arkheWkwkrZ4ga25WmE6XJHZhQ81XA45r,323247057,8sLbNZoA1cfnvMJLPfp98ZLAnFSYCFApfJKMbiXNLwxj
38Rct1sbWSXn3uCvX6s63Bj9B4yqtk9YfsPe595hgNWkDnGPji91VCwQhDgsxt1phQht6Bp7jSBwQK8uTVod2sNG,323247057,8sLbNZoA1cfnvMJLPfp98ZLAnFSYCFApfJKMbiXNLwxj
5VAdfAoCdNATcdfLK4e6nzYByUcBqxnL4jwJeR1Nvtwd9dZtz1ZKEm3J2frwAfmQgsGeihKU2cdg4y9GCrJt7vPR,323247056,8sLbNZoA1cfnvMJLPfp98ZLAnFSYCFApfJKMbiXNLwxj
2Zogvda7VvN6hVCzJ9J9RdpiJAFTXeu2Dn2VC7jVp3Jrtqnodv5vrfZrGxKH7RcQQ7dbDZwMZ9vstYpFRbKg8VSn,323247056,8sLbNZoA1cfnvMJLPfp98ZLAnFSYCFApfJKMbiXNLwxj
UX7QPjanxxcLK1vs7MfMtHrUcB2vq34BbCB2XjMN4EADvxyK8DVmKtGah59NRWg5AVmyoc8qQ1gPcvsaypp2dJX,323247055,8sLbNZoA1cfnvMJLPfp98ZLAnFSYCFApfJKMbiXNLwxj
3JxZoRrq534fZ1Cm2SuXnbrXGW9TC857kJtZ96vzVrichs3YshKrJMhXXvGojdUk3rjdJFErXTZLmAU4Umauy2fj,323247055,8sLbNZoA1cfnvMJLPfp98ZLAnFSYCFApfJKMbiXNLwxj
5eUBW1aTGn7gsBkkjUFCgrJzWfnH2Xcy15Gn5x1MS699T8qLyeuBD99VRrdSh2beUpqaTHmDptfWMXtJirWx9xyB,323247055,8sLbNZoA1cfnvMJLPfp98ZLAnFSYCFApfJKMbiXNLwxj
V4SAwRQMUHXBVXucHy4FmzK9u9K2WozfSben1ktbKx4UDUnCHPEYQCxdk6FEuojtq7LCwya6gTsm9n5VV3deuLV,323247054,8sLbNZoA1cfnvMJLPfp98ZLAnFSYCFApfJKMbiXNLwxj
4srzoMWs1qRaYYS1fTD8uhhBEPE13YgkB63sJVRdLpNMrCa7RmpM3P1qdtGMmA38We9EKyVNWSrrw5hpqVNetjHH,323247054,8sLbNZoA1cfnvMJLPfp98ZLAnFSYCFApfJKMbiXNLwxj
5uAAnz6vitCY2etV5K1yUzEdn5wvX4CtpDNXHYjPRK5p6oGgPNJ82MvNjhavVLkHpUzr5g3k8jNcmp2U7t7y2Lvs,323247054,8sLbNZoA1cfnvMJLPfp98ZLAnFSYCFApfJKMbiXNLwxj
5WFEFQpbJeEN77pQWSe3WgNpx79tsnb3L1nroCvrkxjaFrrmfdeN1ZtxPP3BAk1dB1R4iXnWXTtvnS1eaoVBbmBi,323247054,8sLbNZoA1cfnvMJLPfp98ZLAnFSYCFApfJKMbiXNLwxj
YkAaEM5mLAKAqYPYX4ce6uxyD3nkw3rMKaN7Kd5nYxkHjULmicG1cswcspL55KsVAFzdVpWTyDGi7cjT5Hw9hSd,323247053,8sLbNZoA1cfnvMJLPfp98ZLAnFSYCFApfJKMbiXNLwxj
2YtgJjfjXj93JUQen5aeyUBU73RPCWhM3GJmmcWYJD5Xt8SSkiy9gWz25JrRpdwbouTjikpEJRySeU1YUT1Lyv8G,323247052,8sLbNZoA1cfnvMJLPfp98ZLAnFSYCFApfJKMbiXNLwxj
4qWyxpTdJiegZtvooYd4wLHM7DTu1DaWfVHbZNnS5DyUXYNrBKeydUzVAwTUzPqzbDjswoAkVgrMjZHvMwkcmn2E,323247051,8sLbNZoA1cfnvMJLPfp98ZLAnFSYCFApfJKMbiXNLwxj
3pNLEgZjkoYBrRM9DiGKKqUYhQWWGmQVxiauonooutkPTVg8CgHLHD2VUoga7dKbeSP42WNJoGHTJ5d5qFXXfD6c,323247049,8sLbNZoA1cfnvMJLPfp98ZLAnFSYCFApfJKMbiXNLwxj
4ESDDgtfQj562hY8zCtMguzhNKfDPt2FP7YjWFNbeMTdxGhSV76akWsCE4QPoHmQS6EJYmagq9RffV7TFtr6urdd,323247049,8sLbNZoA1cfnvMJLPfp98ZLAnFSYCFApfJKMbiXNLwxj
4XHSaVxkjgf8HvCHhgQqa5spysdJtmsCPMz7bsnGpHLc7LZjbXoNMPeeubmBuSi1Wp77fU8V3z1QRvPSJ8cZxAmS,323247048,8sLbNZoA1cfnvMJLPfp98ZLAnFSYCFApfJKMbiXNLwxj
bE1HKqmBUH1nXG4vQoAshFpzakAfVetEQJFMTx5uxQvtuiQmH9ptj7J4P9hzCZwPzknHd2BMCbF2ofiuYpKMo6J,323247046,8sLbNZoA1cfnvMJLPfp98ZLAnFSYCFApfJKMbiXNLwxj
kdaPM9MEH7aXXMrofGCw1AXLKKGJ9AQctPyHBFbvdpeHfoq2gwJXuimptYzvkLYTsFTofHaVcFUAznvPDpYmyTL,323247041,8sLbNZoA1cfnvMJLPfp98ZLAnFSYCFApfJKMbiXNLwxj
5mvjjWAhvDM6gnGQikhmSVY8ZMa9YFivNNmBLZc9qaPUJQuqrVB4goqBXuZ8H4JamCDMYdGjdcjisW6DvE5Uuosg,323247040,8sLbNZoA1cfnvMJLPfp98ZLAnFSYCFApfJKMbiXNLwxj
5s6gKnRie8RDeMcSLCvCpid1NE1qENrw2kWU6xsjaNjtXik15ExtMYNc5SvyqqJYj7K98f3AFAtCni1M8j4Be1pN,323247039,8sLbNZoA1cfnvMJLPfp98ZLAnFSYCFApfJKMbiXNLwxj
3EQmX5HoWPyPcRddQa4feZRfuUkri1Gim87LDiZDwYHdoc8PwmVjxg9i68egmdtxqDdooSN4pqnmBaqZb6Uc8Sh5,323247036,8sLbNZoA1cfnvMJLPfp98ZLAnFSYCFApfJKMbiXNLwxj
3JcSNKiLoCuuKzVbgP76a8SKPKUf48mpgeYqrThthjjeYf4v7CgkLFvhCYfSqWLrsZawy5vCY3n4Y8NAwGgTmJgu,323247036,8sLbNZoA1cfnvMJLPfp98ZLAnFSYCFApfJKMbiXNLwxj
4ERHyXyvG1q1qagfuLwv3RkWBeg9KsJzpaz69VCzzgb6avPuTqfPJPWU6s7abk4oSX84wmp9G4NET4gQrEsjM91f,323247035,8sLbNZoA1cfnvMJLPfp98ZLAnFSYCFApfJKMbiXNLwxj
WdesUw9jKGbCx9ZkRQVkLdZtycRKXDrtWA26qWk7CfD1eUz38TBUUqg7mdbMgFzYvyGTS8hWadX2TTX974Dtt4H,323247035,8sLbNZoA1cfnvMJLPfp98ZLAnFSYCFApfJKMbiXNLwxj
2fAi5AGYJ4EwrrY64zDAXbCXkntzjnmSzKupLg6KHfHdosPd7jeZtfhYs6cnE9LHgKznh1GSswK7ydAGEnSn4gbw,323247035,8sLbNZoA1cfnvMJLPfp98ZLAnFSYCFApfJKMbiXNLwxj
3M8un9ZwRfVosija5cBcsSXt5mWx7CpptuHgALAA1t3NKVL6eoLMbGHBrjgpFQpFtsKAjeYSBmCa5utHfQwa31zw,323247032,8sLbNZoA1cfnvMJLPfp98ZLAnFSYCFApfJKMbiXNLwxj
un1QDbRzVSy3tMn7YDLstQUrG1nK2ej7acHFDozsiFJRtkr4a8XMyFkhzRdjR2dMANwUNem9CKTgNXCZ9GWmKZr,323247032,8sLbNZoA1cfnvMJLPfp98ZLAnFSYCFApfJKMbiXNLwxj
3bxvFxpMSgVsHGHaUkoZ87uLDsDpeiWnjjNrKgcDdgTunvgD1uuH41csCWUsUfeU7ZKNenTesbSRFnkykyYgztWJ,323247026,8sLbNZoA1cfnvMJLPfp98ZLAnFSYCFApfJKMbiXNLwxj
BSCXYKAbwtpuKtmyBzv9G5ueAcGMQDoqnjDECfoq3WQK82J1Er93T3Ff1uxUwDN7pzYpykvudCoNGv8Sn2VqBXv,323247026,8sLbNZoA1cfnvMJLPfp98ZLAnFSYCFApfJKMbiXNLwxj
3tx39jsHU6aZ45D5kJsVXoaNnz3ueJBBbkZD2pYuBBPMwgLwDgGeKnDj1gTeAaEoQRWYZoQjeKFy8ZHN2ZHith2Y,323247025,8sLbNZoA1cfnvMJLPfp98ZLAnFSYCFApfJKMbiXNLwxj
5oKj5mWRnBNnh9YvTm8rD2P9MYTfkeFkFekGNWHFtUL7fkbsZDCPewvyqPCkEsjhJ3AMBQXqGDb1AFxFfgm4PhVq,323247024,8sLbNZoA1cfnvMJLPfp98ZLAnFSYCFApfJKMbiXNLwxj
2M61Gf2FJYTuxgZTa1ZGRu8e6Ej9PZkrxn66fUmeTf53zLQxPcQvyGcc16w8MxBNCC9QmzVcVn4dt6hezQygFWcZ,323247021,8sLbNZoA1cfnvMJLPfp98ZLAnFSYCFApfJKMbiXNLwxj
jbzLnZocHEKXDVgbM3Reip87z496E98n3Puo9wY2LUynvr4iPTBjYP61yme5Zm8huY1wHQkW3t1aT9RToJUYCyV,323247020,8sLbNZoA1cfnvMJLPfp98ZLAnFSYCFApfJKMbiXNLwxj
5LczkWD8uCrDVHLYHPxQqCMrqhi8YTe97W6bYQd8mscDENyu6NoFztWheLFb9BoM6fpKXdQmLjJgwmSpatenv27N,323247017,8sLbNZoA1cfnvMJLPfp98ZLAnFSYCFApfJKMbiXNLwxj
5Jpx7akBcHkyjQieCFxt8iSCwjHu2BzbhD6KF1b5MsVHKDU768va7cUtehNu8CM71B5RzqvkCLV4VAu8SuwHx7LD,323247017,8sLbNZoA1cfnvMJLPfp98ZLAnFSYCFApfJKMbiXNLwxj
5Zg7a33dRT6dgebSGqr18GmWGWXsDrXF1SQgJ56yibvfgctz1YHPBYajjxtJ19nCFwrUvGfJN3t98jAeqf93njLd,323247016,8sLbNZoA1cfnvMJLPfp98ZLAnFSYCFApfJKMbiXNLwxj
4gcnxNe1aHeiRAVU7pFDapcCV34C4EtXF9duR2pwTYRtPjeDst3oqLvtxd7TVzLvxkxdSsefAutARRnAxFjvaD8H,323247015,8sLbNZoA1cfnvMJLPfp98ZLAnFSYCFApfJKMbiXNLwxj
2u1PPm6Lwz9YYvj6ox7hr9cKYZTNZ1RqRdGJgMgkAaXBLUZr4gqHKKv5UBtEfEtt4b25DRrb4ZJeqieWHFqB2vwC,323247015,8sLbNZoA1cfnvMJLPfp98ZLAnFSYCFApfJKMbiXNLwxj
3ZtqQhnNMpRatgpkBPcumR8CmzfShhHnNu1EUqezrrd6QduhpbxZHTzFbL8DcaPNorj67AjL6KhtNczqWVP8s5JV,323247015,8sLbNZoA1cfnvMJLPfp98ZLAnFSYCFApfJKMbiXNLwxj
ayBRxJpg5n3aeDkENnYjWrGUcUkXWU1GT5c9JJv4r1XBoWV6tKNJq3rjc1VT9MfMUJH2XbdCqLb9NgBBrA59v6E,323247015,8sLbNZoA1cfnvMJLPfp98ZLAnFSYCFApfJKMbiXNLwxj
3oM1MDDUSBPYqDYUkXUvmJ5AWn7Zb4h3qmnczuUfHdHSssfJAZYtfxn7BKrT6dXnrLayYTECGhHELsjBgemYnoUt,323247014,8sLbNZoA1cfnvMJLPfp98ZLAnFSYCFApfJKMbiXNLwxj
2XuzGG6mqkjkHJGUn8rBcRyPMjWFLBLSxphbz6z8oFW4qngtiJj4mSHk7Tx2JUV4AcYFVrmbo5HCvnSJsxHMM2DA,323247014,8sLbNZoA1cfnvMJLPfp98ZLAnFSYCFApfJKMbiXNLwxj
2jg5QS5gQ2XZRcmxpj8kcWRxv9xTFPmJwfgZxpkZts3tS3HWLPF2ztL4cSbx85NRq285Rygb1cmqdbHn1aJTHEYq,323247014,8sLbNZoA1cfnvMJLPfp98ZLAnFSYCFApfJKMbiXNLwxj
5vUmzkha4gGHRYJ7ASDW8H4yMxkJeogqpj4dFDsvY5dYZEkKuVtFooWyJDAwbkbPgVJC6SRK8rmGt8Wyn6w8EXbd,323247013,8sLbNZoA1cfnvMJLPfp98ZLAnFSYCFApfJKMbiXNLwxj
2wexMDeGes5f8g1nQepLcS96xR3sJTKUev5E6HhKdFeqUQvc5EvCsmpeT6CQHxugJfY3tzUqozqqsmGtbkYAxMT5,323247013,8sLbNZoA1cfnvMJLPfp98ZLAnFSYCFApfJKMbiXNLwxj
5wmD37L6RM8r97XQorw7Ckc8VTNJHr7HNVg2EaoYzyoUe1ZPuJMGKPfnhR4VkMj5zbnED1MTiCzwKbNdg6uAfCN2,323247012,8sLbNZoA1cfnvMJLPfp98ZLAnFSYCFApfJKMbiXNLwxj
648e83Sbx8XvtdcNbdWohmBup4WpSUGCrKmpQgYnggZeocUNGTvmWFMJTUxxMskKMtA3i2q1a4BCJf725USH3YJW,323247011,8sLbNZoA1cfnvMJLPfp98ZLAnFSYCFApfJKMbiXNLwxj
2Ft8mJSDKZ91mwD2izZd5wMWQjFXdkHZGgy6fxgvte2tpjDSAQjoMjwhZovweDEaPeWSN5WAhyj6wavPzoaK9rve,323247010,8sLbNZoA1cfnvMJLPfp98ZLAnFSYCFApfJKMbiXNLwxj
2vTzpWgN7VZ5rXAoVFmy5TowV53byZtWuzuLLWQeebQUuEkcVaj8wfSLGC1KDBidU43E2MfAHNc5c5wvCYvMW2b7,323247006,8sLbNZoA1cfnvMJLPfp98ZLAnFSYCFApfJKMbiXNLwxj
JddyR1zrqcuEJcvnALJFz32DBhWNuaJM4Zb5Y1PBoy4vsBwYySiZZ2Q451a5eKcfvgLWyibxjaxragaQBVw4V4C,323247004,8sLbNZoA1cfnvMJLPfp98ZLAnFSYCFApfJKMbiXNLwxj
5ZtyqnJJjyMhFTfHNEsvjTDKKsrSACzrodnfwQKynwxGVwKGECwenWZmvJxjWfPiBM74dLbdwxTv7PeakF4BqR8M,323247003,8sLbNZoA1cfnvMJLPfp98ZLAnFSYCFApfJKMbiXNLwxj
2jAmZZqoKiQzfzxDKek6xxCUjbeUj9NNkiaMTeDfzmWxeojshHGLRxnhvn7SPNgNP1HzpwGXKUiRk224kVNxQkZS,323247003,8sLbNZoA1cfnvMJLPfp98ZLAnFSYCFApfJKMbiXNLwxj
2juwPPPRf2RebSZnSMXfSrAZSGAfz5ppGud55WS2QD9LvJvJ6cUnbFsrF3h4WyGQokPvoBNoHarURK19PuXzUaDg,323247002,8sLbNZoA1cfnvMJLPfp98ZLAnFSYCFApfJKMbiXNLwxj
4FqLKYwJdZv4RE6b7BHbsGxxCKJdFq6zKnHxgeTZWKuDfy7RavqSuuEm1XTGePjHKzQYbiBr9tRYyuvsKuj3Zy8p,323247001,8sLbNZoA1cfnvMJLPfp98ZLAnFSYCFApfJKMbiXNLwxj
iZCHa6TWNXs2XcZhCWzGdctsk9Gh6FrwEXfhRT75Ar8yfCNLiuMPAfpe2cDAPtX93USbgcdPiPvGhhMaJ95dNa1,323247001,8sLbNZoA1cfnvMJLPfp98ZLAnFSYCFApfJKMbiXNLwxj
